point_id,obj_id,obj_size,C,Na,P,S,K,Ca,Fe,Histone H3,SMA,Total Tau,MAP2,Cathepsin D,Podoplanin,CD56,CD31,SV2A,GlnSyn,Iba1,HSP60,CollagenIV,Ki-67,Albumin,CD36,Endoglin_CD105,Amyloid A,VAMP2,GLUT1,vWF,MAG,VGLUT1,VGLUT2,Synaptophysin,CD45,PSD95,Fibrinogen,Gephyrin,CD44,GFAP,8OHG,HLA-DR,Ta,Au,Astrocytes2
1,1,6964,0,0,0.044802,0.27743,119.8,93.805,0.17461,0,0,0.83314,0.24885,0.036904,0,0.20764,0,0.071798,3.4236,0.034176,0.022401,0.0045951,0,0.1894,0,0,0.019242,0.59003,0,0.0012924,0.0021539,0.044084,0.017662,0.53461,0,0.056002,0,0,0,0.007467,0.46324,0.0078978,0.43308,0.77714,3.4311
1,2,6777,0,0,0.1117,0.1843,113.46,72.165,0.26782,0.00044267,0,0.91501,0.20009,0,0,0.17397,0,0.039988,2.1961,0,0,0.034676,0,0.19596,0,0,0.022871,0.53696,0.052383,0,0.0064925,0.036152,0,0.45374,0.0020658,0.046923,0.0064925,0,0,0.017117,0.058433,0,0.20924,0.50745,2.2132
1,3,4720,0,0,0.047246,0.17373,87.907,99.775,0.88602,0.0038136,0,1.7597,0.37309,0.17479,0,0.33538,0.014407,0.14407,2.1665,0.40275,0.028602,0.044492,0,0.27775,0,0,0.019915,1.0542,0.0038136,0.0038136,0.037712,0.068856,0.015254,0.83623,0.029449,0.063347,0,0.0038136,0,0.057627,0.60233,0.047246,0.056356,0.33263,2.2242
1,4,513,0,0,0.031189,0.29825,135.77,100.91,0.017544,0,0,1.1988,0.29045,0,0,0.25341,0,0.093567,1.8655,0,0,0,0,0.28655,0,0,0.023392,0.93177,0,0,0,0.052632,0,0.73684,0,0.060429,0,0,0,0.0097466,0,0,0.26901,0.75439,1.8752
1,5,2500,0,0,0.066,0.3176,142,100.02,0.2384,0,0,0.9344,0.2528,0,0,0.188,0,0.0688,2.2936,0.0448,0.0052,0.0936,0,0.3992,0.0088,0.0336,0.0588,0.6764,0.136,0.0108,0.0204,0.0416,0.0028,0.4696,0,0.0644,0.0336,0.0056,0.01,0.022,0.0108,0,0.2736,0.8004,2.3156
1,6,691,0,0,0.070912,0.21418,111.68,91.129,0.14327,0,0,1.0014,0.233,0,0,0.27496,0,0.0767,1.8799,0,0,0,0,0.22431,0,0,0.011577,0.61216,0,0,0,0.053546,0,0.56585,0,0.047757,0,0,0,0.083936,0.37192,0,0.096961,0.51954,1.9638
1,7,22610,0,0,0.044184,0.18103,89.739,95.766,0.51592,0.063423,0,1.3493,0.31946,0.18594,0,0.28253,0.006015,0.10075,3.3037,0.11079,0.055639,0.031137,0,0.3682,0.010261,0.017647,0.048165,0.78439,0.086422,0.014463,0.036975,0.067581,0.022733,0.62698,0.0029191,0.063335,0.038213,0.0067227,0.0035383,0.16068,0.55683,0.040027,0.095577,0.45042,3.4644
1,8,862,0,0,0.042923,0.32135,127.55,97.767,0.10789,0,0,1.297,0.28422,0,0,0.21694,0,0.11021,2.0882,0,0,0,0,0.24478,0,0,0.020882,0.9478,0,0,0,0.046404,0.0081206,0.86427,0,0.060325,0,0,0,0.070766,0.2645,0,0.23898,0.7587,2.1589
1,9,2517,0,0,0.10369,0.23957,108.24,81.785,0.32499,0,0,0.85697,0.22686,0,0,0.21613,0,0.06476,1.9456,0.0035757,0,0.053635,0,0.24275,0,0,0.023838,0.49662,0.068733,0.0063568,0.0059595,0.034962,0.0043703,0.46802,0,0.051251,0.0051649,0,0,0.14342,0,0,0.63568,0.59356,2.089
1,10,1333,0,0,0.057014,0.30083,102.01,94.419,0.069767,0,0,1.0893,0.29182,0,0,0.24756,0,0.055514,2.0015,0,0,0.030008,0,0.26257,0,0,0.019505,0.7967,0.012003,0,0.04126,0.052513,0.014254,0.51913,0,0.056264,0,0,0.0022506,0.086272,0.057764,0,0.1913,0.66167,2.0878
1,11,1614,0,0,0.043371,0.37175,146.34,108.28,0.66357,0,0,1.1338,0.28005,0.0018587,0,0.26456,0,0.094796,2,0.091078,0.0080545,0.0043371,0,0.23978,0,0,0.016729,0.78439,0,0,0.032218,0.048947,0.0030979,0.69455,0.00061958,0.05824,0,0,0,0,0.035936,0.0061958,0.34449,0.89095,2
1,12,1208,0,0,0.037252,0.15066,84.792,95.941,1.4901,0.041391,0,1.4379,0.46689,0.35017,0,0.36093,0.06457,0.11341,2.3228,0.81788,0.11341,0.082781,0,0.22103,0,0,0.022351,1.0381,0,0,0.057947,0.095199,0.024007,0.70695,0.027318,0.048841,0,0,0,0.20861,1.1838,0.09851,0.035596,0.29139,2.5315
1,13,929,0,0,0.050592,0.1507,88.067,98.941,0.3014,0,0,1.5953,0.32723,0,0,0.29171,0,0.12164,3.1227,0,0.037675,0,0,0.18084,0,0,0.020452,0.89451,0,0,0.01507,0.078579,0.035522,0.85145,0,0.068891,0,0,0,0.24435,0.62433,0.025834,0.057051,0.36168,3.3671
1,14,592,0,0,0.027027,0.15541,87.851,113.95,1.4882,0,0,0.90034,0.2652,0,0,0.20777,0,0.077703,2.1757,0.63514,0.015203,0,0,0.1723,0,0,0.013514,0.54899,0,0,0.0033784,0.040541,0.013514,0.41554,0.030405,0.04223,0,0,0,0.12162,1.1554,0.050676,0.045608,0.27027,2.2973
1,15,1202,0,0,0.040765,0.3594,132.28,102.01,0.30782,0,0,1.2304,0.2579,0,0,0.297,0,0.072379,2.0042,0.028286,0.02579,0.043261,0,0.3203,0,0,0.030782,0.79368,0.02579,0,0.0016639,0.049917,0.0033278,0.66057,0.0049917,0.064892,0,0,0,0.10067,0.066556,0,0.18552,0.7213,2.1048
1,16,1621,0,0,0.034547,0.19556,89.598,97.788,0.34793,0,0,1.7798,0.33806,0.19062,0,0.35904,0,0.12832,2.702,0.083899,0.031462,0.020975,0,0.24985,0,0,0.025293,1.0352,0,0.012955,0.016656,0.072795,0.03393,0.85133,0.018507,0.062924,0,0,0,0.20111,0.54843,0.017273,0.083282,0.43738,2.9031
1,17,705,0,0,0.038298,0.16738,90.006,102.06,1.4468,0,0,1.4298,0.39007,0.21986,0,0.28794,0,0.11064,1.7234,0.11915,0.076596,0.0056738,0,0.26099,0,0,0.035461,0.98298,0,0,0.0042553,0.068085,0,0.6695,0,0.076596,0,0,0,0.35035,1.2979,0.068085,0.06383,0.32908,2.0738
1,18,40152,0,0,0.044182,0.16226,85.326,95.378,1.8073,0.0076459,0.0004732,1.5279,0.34992,0.093569,0.00054792,0.31729,0.011656,0.11083,2.9143,0.22303,0.049562,0.069038,0.00082188,0.42192,0.011257,0.0075214,0.064754,0.92852,0.089634,0.01589,0.030908,0.070383,0.020024,0.73446,0.011681,0.06448,0.069038,0.011631,0.0077954,0.13028,0.34409,0.043111,0.048889,0.3021,3.0446
1,19,1980,0,0,0.055556,0.25303,82.337,75.059,0.20909,0,0,0.7,0.21515,0,0,0.17323,0,0.031313,2.3793,0,0,0.080808,0,0.32929,0,0.014141,0.034848,0.39444,0.16061,0.0030303,0.0030303,0.034848,0,0.36263,0,0.044949,0.020202,0,0,0.0025253,0.037374,0,0.13232,0.48737,2.3818
1,20,10699,0,0,0.059632,0.3219,104.4,102.43,0.67922,0.0036452,0,1.0221,0.35994,0.21563,0,0.25853,0.010281,0.085522,3.2562,0.23264,0.055519,0.047201,0,0.20254,0.0015889,0.0097205,0.023927,0.67361,0.020656,0.012898,0.040191,0.067296,0.026825,0.51958,0.0043929,0.065801,0.0016824,0.0025236,0.0021497,0.12618,1.2352,0.047294,0.21198,0.77848,3.3824
1,21,682,0,0,0.035191,0.29765,105.46,101.83,0.47507,0,0,1.3812,0.3607,0.043988,0,0.31525,0,0.11584,2.0865,0.052786,0,0.039589,0,0.19795,0,0,0.026393,1.1144,0,0,0.082111,0.067449,0,0.76393,0,0.07478,0,0,0,0.13343,0.061584,0,0.23754,0.73167,2.2199
1,22,690,0,0,0.04058,0.17681,90.077,105.91,0.9,0,0,1.3696,0.31884,0.0028986,0,0.32174,0,0.082609,1.9232,0,0.071014,0.0014493,0,0.24638,0,0,0.014493,0.86812,0,0,0.0057971,0.056522,0,0.7029,0,0.068116,0,0,0,0.12319,0.47826,0,0.069565,0.40435,2.0464
1,23,1518,0,0,0.061924,0.26746,85.22,82.24,0.4025,0.14032,0,0.91238,0.24308,0.018445,0,0.20158,0,0.052042,1.9269,0,0,0.10474,0,0.28656,0,0.012516,0.02635,0.44664,0.19433,0.0085639,0.036232,0.04809,0,0.36627,0,0.059947,0.01054,0,0,0.085639,0.37945,0,0.11067,0.43149,2.0125
1,24,1412,0,0,0.0517,0.20397,92.852,89.539,0.47167,0,0,1.4986,0.28966,0.033994,0,0.28683,0,0.11756,2.187,0.25283,0.021955,0.057365,0,0.20822,0,0.00070822,0.016997,0.80241,0.00070822,0,0.026204,0.050283,0.00070822,0.5949,0,0.06728,0,0,0,0.13385,0.51912,0.026204,0.14731,0.52975,2.3208
1,25,841,0,0,0.10583,0.21403,119.09,76.609,0.046373,0,0,1.1688,0.23187,0,0,0.22711,0,0.074911,2.0452,0,0,0.036861,0,0.57907,0.03805,0.016647,0.2283,0.74197,0.049941,0.029727,0,0.022592,0,0.53864,0,0.046373,0.13912,0.0035672,0.0023781,0.19501,0,0,0.13199,0.49108,2.2402
1,26,1929,0,0,0.045619,0.38362,138.14,105.84,0.74754,0,0,1.0482,0.32297,0,0,0.23691,0,0.090202,2.0347,0.31882,0,0.046138,0,0.38414,0.0062208,0,0.029549,0.71954,0,0,0.013997,0.066874,0.0010368,0.64489,0.007776,0.07154,0.029031,0.0020736,0.0041472,0.039399,0.083463,0.0088129,0.22032,0.7719,2.0741
1,27,1036,0,0,0.061776,0.39189,152.76,110.53,0.25097,0,0,1.4131,0.26255,0,0,0.23456,0,0.070463,2.056,0,0,0,0,0.19112,0,0,0.02027,0.64189,0,0,0.007722,0.033784,0.026062,0.59749,0,0.057915,0,0,0,0,0.088803,0,0.39286,0.9527,2.056
1,28,2758,0,0,0.084119,0.27991,89.098,85.812,0.46084,0,0,0.90464,0.23241,0.0083394,0,0.20667,0,0.06599,2.3104,0,0,0.059101,0,0.24148,0,0,0.018129,0.65627,0.15917,0,0.027919,0.052212,0.0010877,0.45794,0,0.055838,0.0010877,0,0,0.091371,0.067078,0.0076142,0.19833,0.51378,2.4017
1,29,6449,0,0,0.055357,0.35013,122.02,96.559,0.34207,0,0,1.1757,0.27911,0,0,0.26221,0,0.08575,2.2383,0,0.0062025,0.055668,0,0.46069,0.016282,0.0012405,0.052566,0.80261,0.092572,0.0043418,0.0096139,0.054737,0.0021709,0.67328,0,0.058614,0.033028,0.0037215,0.0093038,0.029462,0.08699,0.0032563,0.1991,0.6967,2.2678
1,30,761,0,0,0.038108,0.19054,82.735,95.965,1.8502,0.015769,0,2.1025,0.4021,0.20894,0,0.37582,0.04862,0.13929,1.9777,0.43495,0.061761,0.080158,0,0.28121,0,0,0.03548,1.0197,0,0,0.023653,0.061761,0.022339,0.82786,0.011827,0.070959,0,0,0,0.14717,1.5519,0.12746,0.031537,0.23653,2.1248
1,31,842,0,0,0.066508,0.19002,90.274,82.55,0.40143,0,0,0.7209,0.21853,0,0,0.21259,0,0.046318,2.0344,0,0,0.18052,0,0.28029,0,0.051069,0.032067,0.46318,0.2981,0.0071259,0,0.048694,0.0011876,0.31235,0,0.052257,0.077197,0,0,0.028504,0.13777,0,0.16508,0.53207,2.0629
1,32,1631,0,0,0.062538,0.31514,107.61,105.97,0.23483,0,0,0.89638,0.31453,0.0098099,0,0.23544,0,0.064378,2.2262,0,0,0,0,0.17842,0.00061312,0,0.012876,0.60699,0,0,0.015328,0.04721,0,0.54936,0,0.062538,0,0,0,0.074188,0.19865,0,0.26671,0.91845,2.3004
1,33,1470,0,0,0.057823,0.39796,160.57,111.86,0.3551,0,0,1.3857,0.31565,0,0,0.26395,0,0.087075,1.9367,0,0.026531,0,0,0.21769,0,0,0.018367,0.76939,0,0,0,0.042177,0.0088435,0.64762,0.0068027,0.060544,0,0,0,0.12177,0.07415,0,0.37415,1.0401,2.0585
1,34,745,0,0,0.042953,0.19597,84.972,78.349,0.055034,0,0,1.0698,0.26711,0,0,0.29128,0,0.075168,2.0685,0,0,0.038926,0,0.22953,0,0,0.020134,0.73154,0.18658,0,0.036242,0.057718,0,0.4604,0,0.041611,0,0,0,0.06443,0.15034,0,0.12349,0.40805,2.1329
1,35,553,0,0,0.047016,0.37794,145.61,109.14,0.37251,0,0,1.4213,0.27667,0,0,0.27667,0,0.099458,2.0054,0,0.039783,0,0,0.25136,0,0,0.027125,0.7179,0,0,0.056058,0.059675,0,0.58228,0,0.066908,0,0,0,0.023508,0,0,0.26221,0.79566,2.0289
1,36,1038,0,0,0.097303,0.29672,95.628,94.125,0.59152,0.70039,0,0.88728,0.2447,0,0,0.19364,0,0.074181,2.0867,0,0,0.10597,0,0.29094,0,0,0.033719,0.51349,0.19364,0,0.0096339,0.033719,0,0.38247,0,0.037572,0.05106,0,0,0.029865,0.1185,0,0.13873,0.59441,2.1166
1,37,707,0,0,0.048091,0.28996,108.41,101.86,0.23197,0,0,1.1726,0.3041,0,0,0.25318,0,0.077793,2.1061,0,0,0,0,0.22065,0,0,0.016973,0.61952,0,0,0,0.043847,0.0014144,0.67185,0,0.07355,0,0,0,0,0.21216,0,0.26308,0.97878,2.1061
1,38,1600,0,0,0.0475,0.20062,90.123,91.517,0.46937,0.16875,0,1.3262,0.31188,0.023125,0,0.33063,0,0.069375,1.9712,0.16687,0.020625,0.02125,0,0.21875,0,0,0.01875,0.915,0,0,0.0525,0.063125,0.01375,0.58688,0.00125,0.05375,0,0,0,0.23,0.27313,0.00875,0.1125,0.45687,2.2012
1,39,1330,0,0,0.056391,0.41504,157.05,112.39,0.48195,0,0,1.494,0.31278,0,0,0.27143,0,0.11278,2.4098,0,0.015789,0,0,0.28421,0,0,0.013534,1.006,0,0,0.021805,0.065414,0,0.87293,0.014286,0.081203,0,0,0,0.021805,0.053383,0.010526,0.36917,1.012,2.4316
1,40,1719,0,0,0.053519,0.34206,104.86,105.09,0.43688,0,0,1.313,0.32519,0.0046539,0,0.25189,0,0.093659,2.2176,0.044793,0.025015,0,0,0.19895,0,0,0.019197,0.86329,0,0,0.023851,0.054101,0,0.67074,0.008726,0.079697,0,0,0,0.13322,0.21233,0.0046539,0.20593,0.77371,2.3508
1,41,619,0,0,0.13732,0.2294,119.34,73.813,0.088853,0,0,0.94507,0.21002,0,0,0.20355,0,0.071082,2.2342,0,0,0.056543,0,0.19225,0,0,0.038772,0.59774,0.088853,0,0.03231,0.042003,0,0.45719,0,0.050081,0.0096931,0,0,0,0,0,0.12439,0.53312,2.2342
1,42,1001,0,0,0.045954,0.16883,87.967,96.676,0.22278,0,0,1.2418,0.34166,0,0,0.31069,0,0.12687,2.2238,0.06993,0.048951,0.025974,0,0.20979,0,0,0.021978,0.91209,0,0,0.01998,0.052947,0,0.72228,0.004995,0.067932,0,0,0,0.14286,0.44456,0,0.074925,0.42458,2.3666
1,43,32654,0,0,0.051204,0.42613,147.38,109.87,0.92705,0.014975,0,1.4306,0.32171,0.055889,0,0.27363,0.0057267,0.10504,3.0459,0.11352,0.035891,0.019109,0,0.2653,0.0022049,0.00079623,0.02551,0.79699,0.011239,0.0053898,0.046457,0.059625,0.030379,0.72558,0.0047161,0.073375,0.007411,0.0016231,0.001225,0.022049,0.60271,0.027807,0.2592,0.83913,3.0679
1,44,6838,0,0,0.12182,0.22214,129.52,80.159,3.2798,0.02296,0,0.85244,0.2141,0.028371,0,0.19655,0.0045335,0.030564,2.829,0.26879,0.014917,0.041971,0,0.30418,0.007897,0.027493,0.053086,0.25768,0.17037,0,0.010529,0.034805,0.0055572,0.30945,0.0019011,0.052501,0.034805,0.003656,0.0024861,0.007897,0.079117,0.0093595,0.40582,0.7179,2.8369
1,45,2031,0,0,0.053176,0.32644,102.65,103.28,0.80502,0,0,1.3314,0.32792,0.18759,0,0.30921,0,0.11177,3.2319,0.14673,0.048744,0.017725,0,0.23289,0,0,0.020187,1.0286,0,0,0.015756,0.064008,0.0064008,0.74495,0.0019695,0.068439,0,0,0,0.22501,0.40768,0.025111,0.17774,0.71443,3.4569
1,46,588,0,0,0.044218,0.13605,82.269,99.253,0.48469,0,0,2.1463,0.34354,0.2449,0,0.43027,0,0.14456,1.3776,0.14966,0,0.017007,0,0.29252,0,0,0.018707,1.2517,0,0,0.037415,0.081633,0.011905,0.92687,0.013605,0.052721,0,0,0.018707,0.54592,0.4898,0,0.030612,0.21259,1.9235
1,47,747,0,0,0.045515,0.18072,89.88,100.18,0.57296,0,0,1.8621,0.34806,0.080321,0,0.3427,0,0.11513,2.6145,0.066934,0.033467,0,0,0.23561,0,0,0.017403,1.1379,0,0.022758,0.025435,0.085676,0.03079,0.93173,0.016064,0.060241,0,0,0,0.1178,0.37483,0.032129,0.078983,0.42169,2.7323
1,48,807,0,0,0.061958,0.37918,163.09,113.49,0.37918,0,0,1.6097,0.30731,0,0,0.27633,0,0.075589,1.8426,0,0,0,0,0.24164,0,0,0.018587,0.90582,0,0,0.030979,0.048327,0.0061958,0.80173,0,0.071871,0,0,0,0,0.23172,0,0.39157,1.0409,1.8426
1,49,1903,0,0,0.09196,0.24698,141.17,89.957,0.86022,0.25644,0,0.85812,0.20074,0,0,0.19653,0,0.045192,2.2675,0.023121,0,0.10194,0,0.21597,0,0,0.017341,0.50079,0,0,0,0.034682,0,0.38045,0,0.060431,0,0,0,0.019968,0.03731,0,0.2433,0.76353,2.2874
1,50,754,0,0,0.047745,0.18302,87.225,96.671,0.46684,0,0,2.3143,0.38329,0,0,0.37401,0,0.14854,2.0836,0.094164,0,0,0,0.23342,0,0,0.022546,1.1817,0,0,0.034483,0.080902,0.023873,1.065,0.013263,0.075597,0,0,0,0,0,0,0.058355,0.32759,2.0836
1,51,870,0,0,0.067816,0.38506,123.08,97.724,0.39655,0,0,1.5126,0.26437,0,0,0.24943,0,0.088506,1.9885,0,0,0.044828,0,0.32069,0,0,0.037931,0.75172,0.10345,0,0.01954,0.052874,0,0.66322,0,0.066667,0,0,0.0068966,0.042529,0.1046,0,0.19655,0.61609,2.031
1,52,41062,0,0,0.064147,0.41082,163.12,114.91,1.4187,0.039112,0,1.4368,0.31012,0.07082,0,0.24485,0.0012907,0.093249,2.8944,0.031513,0.02657,0.011154,0,0.28598,0.0020457,0.0033608,0.020043,0.70479,0,0.0032147,0.01393,0.054771,0.021528,0.64152,0.0012907,0.072184,0,0.0020213,0.00029224,0.013881,0.64274,0.015757,0.36842,1.0218,2.9083
1,53,2120,0,0,0.036792,0.18585,85.054,98.614,0.52358,0,0,1.9363,0.39717,0.074528,0,0.39811,0.0099057,0.11651,1.7203,0.1783,0.05,0.015566,0,0.23774,0,0,0.020283,1.1368,0.0066038,0.0075472,0.05566,0.08066,0.013679,0.925,0.013679,0.07217,0,0,0,0.11557,0.16085,0.0075472,0.035849,0.30377,1.8358
1,54,3051,0,0,0.047525,0.17011,88.044,100.69,0.60701,0,0,1.9361,0.37955,0.076041,0,0.35038,0,0.12094,2.2075,0.023271,0.042281,0.028187,0,0.21141,0,0,0.022288,1.0518,0,0.0091773,0.032448,0.076041,0.013766,0.9174,0.0052442,0.059653,0,0,0,0.15503,0.16781,0,0.055392,0.36119,2.3625
1,55,524,0,0,0.066794,0.3874,165.54,112.66,0.41412,0,0,1.4599,0.30153,0,0,0.25191,0,0.12023,1.9313,0,0,0,0,0.1813,0,0,0.013359,0.84351,0,0,0.032443,0.053435,0.013359,0.75573,0,0.05916,0,0,0,0,0,0,0.52863,1.1527,1.9313
1,56,2585,0,0,0.06499,0.31103,153.88,99.54,0.33578,0,0,0.60309,0.23095,0,0,0.15513,0,0.032495,2.0576,0,0,0.11799,0,0.1853,0,0,0.014313,0.36518,0.090522,0,0.013926,0.029787,0.012379,0.35358,0,0.059574,0,0,0,0,0.019729,0,0.29168,0.84913,2.0576
1,57,2053,0,0,0.062835,0.34437,109.03,106.44,0.75889,0.075012,0,1.1856,0.33317,0.11301,0,0.25865,0,0.085728,2.6473,0.096931,0.069654,0.014126,0,0.3093,0.014126,0.02338,0.021432,0.7433,0,0,0.065757,0.063809,0.027764,0.53288,0,0.056016,0,0,0,0.21773,0.54554,0.017535,0.2528,0.91719,2.8651
1,58,44659,0,0,0.046262,0.17105,84.185,95.45,0.66242,0.11863,0,1.2695,0.31391,0.080185,0,0.29123,0.0062473,0.096935,2.6909,0.097785,0.037708,0.09371,0,0.24512,0.00033588,0.021519,0.029983,0.79276,0.17956,0.017846,0.036096,0.06422,0.015898,0.64099,0.0036947,0.057928,0.021698,0,0.00024631,0.096016,0.32842,0.01451,0.040261,0.26611,2.787
1,59,534,0,0,0.041199,0.1573,85.627,102.26,5.7322,0,0,1.7079,0.35206,0.071161,0,0.31835,0,0.11985,1.9719,0,0,0,0,0.22285,0,0,0.043071,0.86142,0,0,0.0093633,0.06367,0.026217,0.74157,0,0.078652,0,0,0,0.046816,0.50936,0,0.039326,0.29963,2.0187
1,60,709,0,0,0.036671,0.37377,107.17,104.16,0.31312,0,0,1.1777,0.30183,0,0,0.33286,0,0.098731,2.0423,0,0,0,0,0.19041,0,0,0.018336,0.77151,0,0,0.074753,0.070522,0.012694,0.83216,0,0.047955,0,0,0,0.0084626,0.26234,0,0.22426,0.81946,2.0508
1,61,912,0,0,0.042763,0.18531,89.965,99.939,0.29276,0,0,1.2774,0.30592,0,0,0.25219,0,0.13268,2.0208,0.13487,0.033991,0,0,0.13925,0,0,0.02193,0.75877,0,0,0.0065789,0.060307,0.0065789,0.6886,0,0.044956,0,0,0,0.002193,0.1875,0.0065789,0.091009,0.49123,2.023
1,62,682,0,0,0.041056,0.41202,142.53,107.49,0.42962,0,0,1.4282,0.33724,0,0,0.28592,0,0.087977,2.1935,0,0,0,0,0.24194,0,0,0.019062,0.85191,0,0,0.067449,0.054252,0.039589,0.70821,0,0.076246,0,0,0,0.016129,0.3739,0.049853,0.23021,0.83284,2.2097
1,63,1037,0,0,0.069431,0.33751,165.03,110.24,0.29026,0,0,1.3038,0.25651,0,0,0.22951,0,0.053038,2.513,0,0.021215,0,0,0.15333,0,0,0.012536,0.58727,0,0,0.08486,0.045323,0,0.51495,0,0.064609,0,0,0,0.024108,0,0,0.41851,1.1167,2.5371
1,64,664,0,0,0.046687,0.43675,153.12,114.69,0.94578,0,0,0.91717,0.25452,0,0,0.17319,0,0.075301,1.7922,0,0,0.10843,0,0.34337,0,0,0.039157,0.3991,0.079819,0,0,0.049699,0.0060241,0.34488,0,0.058735,0.010542,0.003012,0.01506,0.16265,0,0,0.53765,1.1235,1.9548
1,65,516,0,0,0.085271,0.36628,167.36,112.86,0.79651,0,0,1.2694,0.27519,0,0,0.19767,0,0.10659,1.9593,0,0,0,0,0.23062,0,0,0.015504,0.71124,0,0,0,0.054264,0,0.69186,0,0.060078,0,0,0,0,0.091085,0,0.42054,1.1318,1.9593
1,66,557,0,0,0.075404,0.35548,107.53,103.13,0.38779,0,0,1.2944,0.31418,0,0,0.29623,0,0.10054,1.9749,0,0.016158,0,0,0.18133,0,0,0.028725,0.78995,0,0,0.077199,0.052065,0.005386,0.70916,0,0.062837,0,0,0,0.041293,0.20108,0,0.22442,0.78097,2.0162
1,67,904,0,0,0.034292,0.19248,89.741,103.31,0.9104,0,0,1.5774,0.36283,0.054204,0,0.31748,0,0.11947,1.9049,0,0.016593,0.0088496,0,0.1781,0,0,0.017699,0.96239,0,0,0.053097,0.061947,0,0.75442,0,0.068584,0,0,0,0.16925,0.35509,0,0.068584,0.40155,2.0741
1,68,1489,0,0,0.034251,0.19745,91.886,98.247,0.2767,0,0,1.0826,0.28408,0,0,0.26461,0,0.099396,2.1101,0,0,0,0,0.15178,0,0,0.017461,0.7186,0,0,0.024849,0.062458,0,0.61316,0,0.055071,0,0,0,0.073203,0.20752,0,0.17126,0.65279,2.1833
1,69,2652,0,0,0.065611,0.24057,99.078,94.624,0.17308,0,0,1.506,0.31976,0,0,0.27677,0,0.082202,1.9525,0,0,0,0,0.19344,0,0,0.021116,0.82315,0,0,0.015083,0.071267,0.010558,0.73379,0.00037707,0.060332,0,0,0,0.093891,0.15913,0,0.24321,0.66893,2.0464
1,70,578,0,0,0.043253,0.19031,87.09,97.766,0.29239,0,0,1.4896,0.39446,0.11592,0,0.37889,0,0.11765,2.2699,0.12457,0,0,0,0.21107,0,0,0.019031,1.109,0,0,0.050173,0.064014,0,0.84083,0,0.064014,0,0,0,0.034602,0.94983,0.032872,0.074394,0.41003,2.3045
1,71,23017,0,0,0.052483,0.33128,105.13,100.55,0.37655,0.093626,0,1.002,0.31042,0.12877,0,0.24669,0,0.088152,3.5252,0.15471,0.045662,0.0047791,0,0.25525,0,0.00078203,0.018812,0.70648,0,0.0077334,0.011079,0.061172,0.018812,0.59426,0.0049963,0.058652,0,0,0.00039102,0.067255,0.5754,0.032976,0.26202,0.888,3.5925
1,72,5754,0,0,0.061522,0.31978,95.589,100.98,0.53458,0.18213,0,0.82517,0.26642,0.020507,0,0.22819,0,0.061696,2.2638,0.010775,0.056309,0.093848,0,0.25721,0,0.0071255,0.019812,0.5822,0.012687,0.0017379,0.020334,0.055613,0.0029545,0.44595,0,0.050052,0.00034758,0,0,0.043969,0.31908,0.0076469,0.14964,0.61714,2.3078
1,73,919,0,0,0.042437,0.20892,89.719,94.491,0.20457,0,0,1.4113,0.321,0.070729,0,0.32209,0,0.1197,1.7595,0,0.025027,0,0,0.19804,0,0,0.013058,0.82046,0,0,0.071817,0.077258,0,0.7617,0,0.063112,0,0,0,0.19804,0.15125,0,0.14037,0.53536,1.9576
1,74,6086,0,0,0.050444,0.2026,91.77,94.38,1.4463,0.19438,0.12619,1.2351,0.31268,0.034505,0,0.29362,0.0050937,0.082977,2.2338,0.02629,0.010845,0.094151,0.018074,0.1975,0.014952,0.0057509,0.022018,0.67647,0.063424,0.0034505,0.013145,0.054058,0.005258,0.5276,0.0093658,0.05603,0.007887,0.0057509,0.010187,0.12274,0.20605,0.011995,0.083635,0.40536,2.3566
1,75,1338,0,0,0.036622,0.16592,87.712,100.17,0.29372,0,0,1.2818,0.32287,0.023169,0,0.30717,0,0.086697,2.1166,0.03438,0.0142,0,0,0.17713,0,0,0.019432,0.83558,0,0,0.024664,0.06278,0.0074738,0.70553,0.00074738,0.059043,0,0,0,0.027653,0.25411,0,0.088939,0.43498,2.1442
1,76,687,0,0,0.061135,0.25182,155.88,98.997,0.052402,0,0,1.2955,0.24309,0,0,0.21543,0,0.093159,1.9491,0,0,0,0,0.19214,0,0,0.018923,0.71179,0,0,0,0.030568,0.0029112,0.61426,0,0.05968,0,0,0,0,0,0,0.34352,0.9738,1.9491
1,77,5810,0,0,0.039243,0.25766,101.51,101.19,0.19966,0,0,0.68107,0.24596,0,0,0.26592,0,0.054045,2.5639,0,0.0092943,0.0036145,0,0.20637,0,0.0018933,0.017384,0.45645,0,0,0.0022375,0.041824,0,0.4463,0,0.050775,0,0,0,0.013425,0.13597,0,0.2833,0.94148,2.5773
1,78,1728,0,0,0.064815,0.364,166.68,114.12,0.78241,0,0,1.5046,0.29051,0,0,0.25579,0,0.076389,2.5388,0.050347,0.017361,0,0,0.18924,0,0,0.019097,0.6713,0,0,0.0086806,0.050347,0.027778,0.61343,0,0.064815,0,0,0,0.037037,0.29688,0,0.40336,1.0619,2.5758
1,79,727,0,0,0.055021,0.36314,164.49,108.3,0.56809,0,0,1.6644,0.27785,0,0,0.24759,0,0.097662,2.1293,0.049519,0,0,0.013755,0.20495,0,0,0.016506,0.73728,0,0,0.042641,0.05227,0.0068776,0.69326,0,0.072902,0,0,0,0,0.18157,0,0.36726,1.1197,2.1293
1,80,883,0,0,0.044168,0.32163,106.33,106.79,0.43941,0,0,1.3114,0.29332,0,0,0.28539,0.016988,0.091733,1.9332,0.062288,0.048698,0,0,0.2299,0,0,0.019253,0.78369,0,0,0.026048,0.061155,0.002265,0.65232,0,0.052095,0,0,0,0.10872,0.29445,0,0.22763,0.86297,2.0419
1,81,984,0,0,0.043699,0.35061,103.9,100.31,0.24289,0,0,0.94106,0.29675,0.012195,0,0.21138,0,0.10976,2.2297,0,0,0.11484,0,0.42276,0,0.0071138,0.029472,0.60976,0.08435,0.0060976,0.0081301,0.052846,0.0010163,0.53557,0,0.067073,0.28455,0,0,0.046748,0.22866,0,0.23069,0.77846,2.2764
1,82,764,0,0,0.053665,0.47251,156.3,112.02,0.66623,0,0,1.7212,0.3822,0,0,0.30497,0,0.12173,1.9476,0,0,0,0,0.23691,0,0,0.024869,0.84031,0,0,0.0013089,0.078534,0.030105,0.84817,0,0.069372,0,0,0,0.018325,0.030105,0,0.31021,0.92932,1.966
1,83,3547,0,0,0.075839,0.3713,160.53,110.31,1.3059,0.23795,0,1.1083,0.25853,0.021708,0,0.21314,0,0.058923,2.2399,0,0.0050747,0.074429,0,0.25571,0,0.029884,0.052157,0.52918,0.13617,0.0062024,0.0095856,0.04539,0.0064844,0.50155,0,0.065689,0.059487,0,0,0,0.16944,0,0.32845,0.96814,2.2399
1,84,727,0,0,0.046768,0.42091,143.06,105.92,0.86107,0,0,1.5433,0.30812,0.011004,0,0.30536,0,0.12792,1.9972,0,0,0,0,0.24209,0,0,0.017882,0.88996,0,0,0.24347,0.063274,0.0013755,0.87483,0,0.060523,0,0,0,0.064649,0.12655,0,0.23246,0.86933,2.0619
1,85,650,0,0,0.035385,0.16462,87.26,98.1,0.61538,0,0,1.6631,0.36462,0.021538,0,0.36615,0.033846,0.13077,2.0708,0,0.0030769,0,0,0.22308,0,0,0.021538,1.1031,0,0,0.012308,0.095385,0.029231,0.88462,0,0.052308,0,0,0,0,0.20462,0,0.06,0.36615,2.0708
1,86,537,0,0,0.081937,0.34637,164.96,110.16,0.93296,0.27933,0,1.203,0.27933,0.046555,0,0.19926,0,0.089385,1.9609,0.22905,0,0,0,0.12104,0,0,0.035382,0.54749,0,0,0.014898,0.039106,0.009311,0.58101,0,0.048417,0,0,0,0.0055866,0.26071,0,0.34637,1.0931,1.9665
1,87,731,0,0,0.082079,0.32285,146.69,98.272,1.2804,0.20109,0,1.5007,0.27223,0,0,0.2394,0,0.064295,2.0766,0,0,0.24897,0,0.48016,0,0.16005,0.12585,0.57045,0.53488,0.025992,0.002736,0.02736,0.010944,0.4487,0,0.064295,0.090287,0,0.017784,0,0,0,0.30643,0.75239,2.0766
1,88,883,0,0,0.047565,0.20838,86.392,93.077,0.3692,0.1393,0,1.47,0.40204,0.12797,0,0.33749,0,0.10419,2.2039,0.1325,0.11325,0.039638,0,0.20951,0,0,0.019253,0.94677,0,0,0.02718,0.08154,0.015855,0.84258,0.0033975,0.061155,0,0,0,0.091733,0.11212,0.012458,0.053228,0.38279,2.2956
1,89,523,0,0,0.14723,0.25048,100.19,108.91,0.43403,0,0,1.6405,0.3327,0,0,0.27342,0,0.10899,2.0975,0,0,0,0,0.17591,0,0,0.017208,0.81836,0,0,0,0.063098,0,0.6673,0,0.061185,0,0,0,0.026769,0.19885,0,0.25621,0.62906,2.1243
1,90,4401,0,0,0.070666,0.22722,141.33,88.761,0.14292,0.029312,0,0.77732,0.22495,0,0,0.18405,0,0.033174,2.4794,0.0088616,0.006135,0.054079,0,0.15019,0,0.037037,0.015678,0.41059,0.053851,0.013633,0.0070439,0.039082,0.006135,0.37855,0,0.055669,0.00090888,0,0,0.010907,0.077937,0,0.24699,0.74551,2.4903
1,91,621,0,0,0.041868,0.35105,100.29,106.5,1.57,0,0,1.1852,0.28986,0,0,0.27214,0,0.10467,2.0998,0,0,0.035427,0,0.20934,0,0,0.020934,0.85024,0,0,0.040258,0.062802,0,0.6876,0,0.05314,0,0,0,0,0.020934,0,0.19646,0.85507,2.0998
1,92,1319,0,0,0.056103,0.26839,159.17,103.18,0.22365,0,0,1.2191,0.26611,0,0,0.17817,0,0.074299,2.2418,0,0,0,0,0.14556,0,0,0.016679,0.65656,0,0,0.018196,0.050796,0.010614,0.59439,0.00075815,0.056103,0,0,0,0.029568,0.091736,0,0.36543,0.94693,2.2714
1,93,1381,0,0,0.044895,0.19913,88.284,106.16,0.62563,0,0,1.5358,0.29544,0.025344,0,0.28892,0,0.10065,1.882,0.0050688,0.027516,0,0,0.18682,0,0,0.020999,0.86966,0,0,0.099203,0.071687,0.0028965,0.75163,0.020999,0.060825,0,0,0,0,0.15496,0,0.066618,0.3903,1.882
1,94,582,0,0,0.044674,0.44674,144.63,109.03,0.6323,0,0,1.5086,0.31959,0,0,0.28179,0,0.10309,1.9742,0,0,0,0,0.20962,0,0,0.015464,0.92784,0,0,0.092784,0.065292,0.042955,0.74399,0,0.097938,0,0,0,0,0.2354,0,0.30241,0.84364,1.9742
1,95,1453,0,0,0.043359,0.17894,85.719,96.07,0.24983,0,0,1.6717,0.3159,0.014453,0,0.3159,0.0034412,0.11906,2.086,0.14591,0.018582,0,0,0.21129,0,0,0.017894,1.0606,0,0,0.07777,0.086029,0.008947,0.88575,0.0082588,0.074329,0,0,0,0.044735,0.25189,0,0.076394,0.40881,2.1308
1,96,614,0,0,0.078176,0.31759,160.87,102.73,0.1873,0,0,1.4951,0.31433,0,0,0.25733,0,0.10586,2.1906,0,0,0,0,0.16124,0,0,0.0081433,0.71498,0,0,0.016287,0.04886,0,0.72476,0,0.070033,0,0,0,0,0,0,0.34528,1.0049,2.1906
1,97,889,0,0,0.051744,0.15973,84.834,99.217,0.37795,0,0,1.2081,0.30371,0.044994,0,0.26209,0,0.060742,2.5804,0.20472,0.049494,0,0,0.15523,0,0,0.016873,0.56918,0,0,0.086614,0.042745,0,0.47244,0,0.048369,0,0,0,0.034871,0.57368,0.025872,0.068616,0.39145,2.6153
1,98,1450,0,0,0.043448,0.30552,100.25,92.912,0.2131,0,0,1.1697,0.32276,0,0,0.24897,0,0.089655,1.8538,0,0,0,0,0.21517,0,0,0.017241,0.77586,0,0,0,0.062759,0.0013793,0.68828,0,0.063448,0,0,0,0.083448,0.095862,0,0.23241,0.78,1.9372
1,99,1430,0,0,0.054545,0.33147,99.501,105.58,5.0441,0.56434,0,1.007,0.31119,0.034266,0,0.25664,0.0034965,0.058042,1.9559,0.10769,0.0027972,0,0,0.13147,0,0.0006993,0.018881,0.5028,0,0,0.03986,0.042657,0,0.3,0,0.053846,0,0,0,0.0041958,1.0517,0.014685,0.18811,0.71119,1.9601
1,100,517,0,0,0.12186,0.25532,101.83,103.3,0.27853,0,0,1.4739,0.33849,0.021277,0.14313,0.22437,0,0.073501,2.0387,0.085106,0,0,0,0.20696,0,0,0.044487,0.59961,0,0,0.019342,0.054159,0,0.53772,0,0.088975,0,0,0,0.16054,0.32882,0.034816,0.19149,0.55513,2.1992
1,101,586,0,0,0.030717,0.26792,103.82,89.512,0.046075,0,0,0.89932,0.29352,0,0,0.24573,0,0.09215,1.5546,0,0,0,0,0.22355,0,0,0.010239,0.70819,0,0,0,0.039249,0,0.56485,0,0.047782,0,0,0,0.29522,0.0017065,0,0.20307,0.80375,1.8498
1,102,717,0,0,0.058577,0.17434,87.462,101.07,0.22176,0,0,1.8075,0.3152,0.0097629,0,0.37936,0,0.106,1.9679,0,0.04463,0,0,0.23013,0,0,0.019526,0.98884,0,0,0.020921,0.080893,0.012552,0.79916,0,0.06834,0,0,0,0.016736,0.16597,0,0.09205,0.45188,1.9847
1,103,2125,0,0,0.055059,0.28518,158.38,101.39,0.20847,0,0,1.496,0.24941,0,0,0.21459,0,0.072,2.1275,0,0.0094118,0.00094118,0,0.12894,0,0,0.017412,0.63012,0,0,0.010824,0.045176,0,0.57365,0,0.056471,0,0,0,0.021647,0,0,0.29271,0.89082,2.1492
1,104,49258,0,0,0.038288,0.11785,76.39,86.59,0.34126,0.10532,0.0010354,2.0433,0.35208,0.14727,0,0.33002,0.0092777,0.12063,3.4578,0.11091,0.054732,0.011511,0,0.17762,0.00030452,0.0024768,0.021113,0.87655,0.00022331,0.006334,0.03305,0.067136,0.023346,0.72679,0.0074709,0.063787,0,0,6.0904e-05,0.033132,0.47225,0.027529,0.053108,0.27738,3.4909
1,105,2685,0,0,0.057728,0.17505,92.867,90.65,0.081192,0,0,1.3985,0.25475,0.0074488,0,0.22756,0,0.088268,2.0838,0.0040968,0.010801,0,0,0.15531,0,0,0.014153,0.72886,0,0,0.0052142,0.043948,0.00037244,0.61639,0,0.053259,0,0,0,0.024209,0.11695,0,0.23501,0.67635,2.108
1,106,1312,0,0,0.048018,0.19893,86.748,104.11,0.46646,0,0,1.766,0.32927,0.046494,0,0.31326,0,0.1189,1.9992,0.012957,0,0,0,0.20579,0,0,0.021341,0.98018,0,0,0.11433,0.064024,0.0015244,0.78506,0.0030488,0.05564,0,0,0,0.078506,0.2378,0,0.064024,0.40168,2.0777
1,107,2256,0,0,0.054965,0.18706,89.055,102.05,0.52748,0.0039894,0,1.5931,0.34441,0.0022163,0,0.30762,0,0.10328,2.0887,0.015957,0.010638,0.015514,0,0.20567,0.0035461,0,0.023936,0.98892,0,0,0.02305,0.068706,0.016401,0.73759,0.010195,0.058067,0,0,0,0.015957,0.44858,0,0.21676,0.56826,2.1046
1,108,1272,0,0,0.046384,0.17846,85.947,95.028,0.36792,0.075472,0,1.6596,0.30739,0.022013,0,0.29874,0,0.10613,1.9175,0,0.0062893,0.012579,0,0.20519,0,0,0.018868,0.81368,0,0,0.052673,0.064465,0.0039308,0.59198,0,0.044025,0,0,0,0.051887,0.11871,0,0.12657,0.51022,1.9693
1,109,2014,0,0,0.05859,0.17229,84.167,102.71,0.56008,0,0,1.2642,0.37537,0.10576,0,0.28153,0.0069513,0.1147,2.3883,0.0099305,0.050645,0.021847,0,0.18123,0,0,0.020357,0.83714,0,0,0.031281,0.057597,0.013406,0.74131,0,0.062562,0,0,0,0.18272,0.89623,0.0069513,0.027309,0.24926,2.571
1,110,640,0,0,0.076563,0.33125,165.75,110.41,0.4625,0,0,2.0531,0.25938,0,0,0.23906,0,0.125,1.7234,0,0,0,0,0.18438,0,0,0.017188,0.82813,0,0,0.0078125,0.05625,0,0.72656,0,0.060937,0,0,0,0,0,0,0.34219,1.0359,1.7234
1,111,1035,0,0,0.0657,0.33623,163.23,111.96,0.52271,0,0.0019324,1.7362,0.2715,0,0,0.26473,0,0.07343,1.8473,0,0,0.022222,0,0.20193,0,0,0.014493,0.66087,0,0,0.0057971,0.056039,0.023188,0.6087,0.014493,0.055072,0,0,0,0,0,0,0.37391,1.0135,1.8473
1,112,726,0,0,0.070248,0.28237,99.047,103.21,0.53857,0,0,1.0482,0.30165,0,0,0.24793,0,0.07989,1.9807,0,0,0,0,0.16391,0,0,0.016529,0.60882,0,0,0,0.046832,0.016529,0.61157,0,0.035813,0,0,0,0,0.1584,0,0.30854,1.0813,1.9807
1,113,34775,0,0,0.056765,0.39986,147.92,106.26,2.0069,0.091761,0.0061251,2.2273,0.38505,0.14988,0,0.31393,0.027232,0.10913,3.2788,0.34407,0.080661,0.061941,0,0.26367,0.004716,0.012221,0.024817,0.81815,0.030539,0.0065852,0.097599,0.065737,0.046614,0.72923,0.023925,0.087534,0.0051761,0.0017541,0.00086269,0.027347,0.55011,0.033271,0.2819,0.88173,3.3061
1,114,1954,0,0,0.064995,0.25435,130.84,92.042,0.16837,0,0,1.805,0.34033,0,0,0.25179,0,0.11054,2.2211,0.022006,0.040942,0,0,0.1827,0,0,0.018936,0.76612,0,0,0.0076766,0.051177,0.029683,0.6955,0.010747,0.067042,0,0,0,0.022518,0,0,0.54657,0.83828,2.2436
1,115,1118,0,0,0.051878,0.38193,152.45,109.63,1.7764,0,0.0071556,2.2513,0.3712,0.022361,0,0.32648,0,0.10197,1.9937,0.033989,0,0.015206,0,0.24329,0,0,0.021467,0.92934,0,0,0.039356,0.061717,0.038462,0.79696,0.016995,0.064401,0,0,0,0,0,0,0.38909,1.042,1.9937
1,116,2468,0,0,0.024311,0.095624,71.691,80.142,0.33752,0.02107,0,2.1994,0.33549,0.057131,0,0.34724,0.0052674,0.1175,2.3724,0,0.019854,0,0,0.40924,0,0.026742,0.018233,1.0231,0,0,0.023906,0.084279,0.0024311,0.69692,0.0032415,0.055511,0,0,0,0,0.21961,0,0.044165,0.27391,2.3724
1,117,560,0,0,0.0375,0.47321,154.99,114.54,1.9464,0,0.0125,2.4161,0.35357,0.069643,0,0.33929,0.023214,0.13571,1.8321,0.057143,0,0,0,0.24107,0.0017857,0,0.017857,1.0036,0,0,0.041071,0.075,0.0053571,0.78214,0.019643,0.053571,0,0,0,0.17143,0.096429,0,0.33036,0.975,2.0036
1,118,6025,0,0,0.029544,0.10855,76.792,81.455,0.1922,0.0081328,0.00049793,2.3628,0.34307,0.073859,0,0.32963,0.0089627,0.11519,3.0237,0.087303,0.03668,0.0099585,0,0.1995,0,0,0.019917,0.94257,0,0,0.014606,0.063237,0.023402,0.70174,0.00082988,0.060581,0,0,0,0.031369,0.25909,0.014108,0.052448,0.36017,3.0551
1,119,2520,0,0,0.053968,0.32302,104.07,103.1,1.079,0,0,1.9222,0.37857,0.10278,0,0.30635,0,0.13095,1.8417,0.021429,0.03254,0,0,0.21865,0,0,0.022222,1.0171,0,0,0.025397,0.066667,0.010714,0.83571,0.016667,0.063889,0.0035714,0,0.0063492,0.030159,0.325,0.014286,0.20198,0.77937,1.8718
1,120,1038,0,0,0.050096,0.40173,148.15,110.81,1.9152,0,0,2.0742,0.33237,0.034682,0,0.33141,0,0.095376,1.975,0.0086705,0.028902,0.025048,0,0.24277,0,0,0.020231,0.76397,0,0,0.19171,0.05684,0.019268,0.61175,0,0.083815,0,0,0,0,0.13006,0,0.28805,0.87669,1.975
1,121,50999,0,0,0.099492,0.37195,144.39,105.35,1.6314,0.1279,0.0016863,1.3603,0.32844,0.083002,0,0.25771,0.0066864,0.085021,3.429,0.21402,0.049726,0.018667,0,0.18294,0.0012353,0.0016863,0.020922,0.63691,0.0050589,0.0041962,0.031981,0.058511,0.032118,0.60107,0.0064707,0.073766,0.00094119,0.00078433,0.00011765,0.038314,0.52564,0.023236,1.2582,1.1422,3.4673
1,122,1960,0,0,0.032143,0.1051,77.974,81.114,0.23469,0.038776,0,2.1556,0.31786,0.019898,0,0.29949,0,0.10612,2.1061,0.016837,0.0015306,0,0,0.23214,0,0,0.014286,0.82857,0,0,0.0056122,0.055612,0.0010204,0.63724,0.0045918,0.055612,0,0,0,0.02551,0.45765,0.012755,0.070918,0.4398,2.1316
1,123,559,0,0,0.039356,0.14311,79.719,84.535,0.33095,0,0,3.3524,0.39893,0.037567,0,0.45975,0,0.1449,1.703,0.13417,0.039356,0,0,0.27728,0,0,0.0089445,1.0966,0,0,0.012522,0.060823,0.0035778,0.7424,0.014311,0.046512,0,0,0,0.2576,0.057245,0,0.059034,0.39535,1.9606
1,124,2315,0,0,0.039309,0.11317,78.814,83.749,0.31015,0,0.00086393,2.568,0.35119,0.040605,0,0.36674,0.015983,0.13261,1.8022,0.036717,0.028942,0,0,0.20389,0,0,0.02203,0.946,0,0,0.0047516,0.062635,0.0025918,0.75205,0.0034557,0.056156,0,0,0,0.07689,0.066523,0,0.059611,0.40259,1.879
1,125,1188,0,0,0.032828,0.094276,73.029,79.324,0.084175,0,0,2.819,0.36532,0.029461,0,0.39478,0.01936,0.11279,1.9259,0.031987,0,0,0,0.24579,0,0,0.021886,1.0589,0,0,0.03367,0.071549,0.0042088,0.76178,0.00084175,0.058081,0,0,0,0.0058923,0,0,0.053872,0.31481,1.9318
1,126,2210,0,0,0.050679,0.32941,142.19,100.63,0.74887,0,0.0013575,1.5824,0.34661,0.058371,0,0.24706,0.0054299,0.088235,2.614,0.21086,0.038914,0.015837,0,0.1905,0,0.0049774,0.021719,0.6362,0,0,0.028507,0.062443,0.019457,0.53937,0.0063348,0.077376,0,0,0.0054299,0.0085973,0.41855,0.016742,0.30679,0.93439,2.6226
1,127,594,0,0,0.043771,0.19192,85.303,89.296,0.46801,0,0,2.1633,0.37879,0.047138,0,0.3468,0,0.1431,2.3098,0,0,0,0,0.20539,0,0,0.026936,0.98485,0,0,0.037037,0.06229,0,0.82323,0,0.079125,0,0,0,0,0.36027,0,0.13636,0.45791,2.3098
1,128,575,0,0,0.06087,0.61565,165.45,125.14,1.9148,0,0.01913,2.32,0.38783,0.13391,0,0.27826,0,0.083478,1.9165,0.085217,0,0.0086957,0,0.24,0,0,0.027826,0.77913,0,0,0.071304,0.064348,0,0.64,0,0.085217,0,0,0,0,0.17565,0,0.31304,0.88,1.9165
1,129,1286,0,0,0.023328,0.12675,78.124,83.341,0.13608,0,0,2.458,0.37558,0.12908,0,0.37792,0,0.13219,1.9432,0,0.038103,0,0,0.2084,0,0,0.024106,1.0023,0,0,0.0085537,0.069984,0.0062208,0.76672,0.012442,0.061431,0,0,0,0.055988,0.029549,0,0.059876,0.37558,1.9992
1,130,3284,0,0,0.070037,0.32582,110.13,99.484,1.3337,0,0,1.3946,0.324,0.014007,0,0.2835,0,0.10505,2.3481,0.054811,0.0051766,0.074604,0,0.36175,0.0082217,0.025274,0.04659,0.68301,0.10962,0,0.064251,0.053289,0.0070037,0.56851,0.00091352,0.056943,0.010049,0.0030451,0.0030451,0.10566,0.10018,0.018879,0.20341,0.71924,2.4537
1,131,5023,0,0,0.033645,0.11228,77.837,80.977,0.218,0.0017918,0.00039817,2.3112,0.35756,0.048178,0,0.31953,0,0.11427,2.1766,0.0079634,0.017519,0,0,0.1967,0,0,0.019112,0.8903,0,0,0.016524,0.063508,0.0067689,0.73044,0,0.061318,0,0,0,0.015728,0.19749,0,0.08919,0.46586,2.1923
1,132,20078,0,0,0.049557,0.19384,91.489,89.582,0.63199,0.0075207,0.00044825,2.0406,0.33559,0.03332,0.0028887,0.29749,0.0014444,0.11465,2.5628,0.031029,0.016037,0.0019424,0,0.19285,0.00024903,0,0.021018,0.91872,0,0,0.016884,0.064797,0.0099612,0.76113,0.0062257,0.064249,0,0,0,0.01544,0.27662,0.0074709,0.218,0.71596,2.5782
1,133,643,0,0,0.040435,0.10109,79.224,86.924,0.37481,0,0,2.5754,0.32504,0,0,0.32504,0,0.16019,2.283,0,0,0,0,0.18663,0,0,0.031104,1.2084,0,0,0.015552,0.062208,0,0.88336,0,0.060653,0,0,0,0,0.031104,0,0.049767,0.39191,2.283
1,134,678,0,0,0.030973,0.12242,77.647,82.527,0.15192,0.016224,0.0044248,2.1254,0.38496,0.058997,0,0.61504,0,0.14454,1.823,0,0.060472,0,0,0.20944,0,0,0.025074,0.99705,0,0,0.0029499,0.047198,0,0.74041,0.013274,0.042773,0.036873,0,0,0.054572,0.21829,0,0.066372,0.42035,1.8776
1,135,583,0,0,0.041166,0.14408,87.638,80.576,0.1012,0.037736,0,2.0309,0.2916,0.0017153,0,0.32075,0,0.12178,1.8679,0,0.015437,0,0,0.20926,0,0,0.015437,0.80446,0,0,0.0085763,0.051458,0,0.59691,0,0.054889,0,0,0,0.025729,0.16123,0,0.16467,0.64837,1.8937
1,136,584,0,0,0.044521,0.2774,136.21,95.67,0.4863,0,0.0017123,1.8151,0.37158,0,0,0.26541,0,0.090753,2.0925,0.078767,0,0,0,0.20205,0,0,0.017123,0.67808,0,0,0,0.054795,0,0.65068,0,0.068493,0,0,0,0,0.26884,0,0.29623,0.95205,2.0925
1,137,1373,0,0,0.041515,0.38966,152.82,112.59,1.4698,0,0.0080117,2.3074,0.37363,0.015295,0,0.37509,0,0.14275,2.0561,0.073562,0.058267,0.026948,0,0.25055,0,0,0.025492,1.0503,0,0,0.044428,0.061908,0.002185,0.84778,0.027677,0.088128,0,0,0,0,0.2236,0,0.26657,0.92571,2.0561
1,138,1038,0,0,0.069364,0.26108,131.76,91.128,0.031792,0,0,2.0578,0.28709,0,0,0.28516,0,0.11561,2.0617,0.076108,0,0,0,0.19557,0,0,0.015414,0.69075,0,0,0.090559,0.05684,0.010597,0.65607,0,0.052023,0,0,0,0.0019268,0.38728,0.0096339,0.2341,0.83141,2.0636
1,139,531,0,0,0.028249,0.15819,84.047,79.859,0.080979,0.041431,0,2.0245,0.33522,0,0,0.36911,0,0.12618,2.081,0,0,0,0,0.19586,0,0,0.015066,0.97363,0,0,0.013183,0.088512,0,0.77589,0.026365,0.054614,0,0,0,0,0.050847,0,0.16573,0.68173,2.081
1,140,1045,0,0,0.042105,0.36746,146.25,108.36,1.4584,0,0,2.556,0.38565,0.12153,0,0.35598,0.056459,0.13206,1.9177,0.11579,0.055502,0.038278,0,0.24976,0.010526,0,0.013397,1.0431,0,0,0.05933,0.064115,0.061244,0.88134,0.030622,0.091866,0,0,0.0095694,0.21722,0.3311,0.031579,0.25167,0.92249,2.1349
1,141,54738,0,0,0.03862,0.12494,79.533,87.013,0.55881,0.21798,0.0010413,1.7981,0.34196,0.14115,0,0.31143,0.015748,0.10616,3.2671,0.18634,0.048814,0.026344,0,0.20072,0.0014067,0.0091344,0.023877,0.79309,0.018634,0.0071431,0.024809,0.061383,0.018196,0.64365,0.00707,0.06374,0.0054076,0.001498,0.0005846,0.058004,0.47316,0.030144,0.067887,0.42621,3.3251
1,142,7660,0,0,0.051175,0.33695,150.12,105.79,0.85261,0.00065274,0.0048303,2.4202,0.34478,0.014752,0,0.28381,0.0032637,0.098825,2.5078,0.020888,0.034856,0.015144,0.00091384,0.2799,0.0036554,0.0015666,0.019843,0.85144,0,0.0023499,0.021802,0.055352,0.022846,0.6812,0.0002611,0.073107,0,0,0.00091384,0.074674,0.042559,0.0019582,0.40313,1.1157,2.5825
1,143,1107,0,0,0.025294,0.14363,79.183,85.29,0.17525,0,0.0054201,2.4264,0.39386,0.03523,0,0.36766,0.01897,0.14002,2.0605,0.0271,0.0081301,0,0,0.22674,0,0,0.018067,1.1481,0,0,0.01626,0.061427,0.01626,0.89612,0,0.062331,0,0,0,0,0.11201,0,0.052394,0.33604,2.0605
1,144,7690,0,0,0.15865,0.26736,138.68,94.122,4.4562,0.33056,0.00039012,1.478,0.30533,0.069441,0,0.23056,0,0.058127,2.3013,0.23043,0.03433,0.023537,0,0.21743,0.0026008,0.0083225,0.025878,0.36671,0.0052016,0,0.062419,0.049285,0.011964,0.34187,0.0045514,0.057477,0.010923,0.0016905,0.0011704,0.058127,0.43862,0.029389,0.32939,0.84694,2.3594
1,145,1795,0,0,0.051253,0.32702,118.43,112.8,1.4156,0,0,1.6774,0.35153,0.039554,0,0.30251,0.012256,0.11365,2.4791,0,0.026741,0,0,0.20724,0,0,0.015599,0.93426,0,0,0.018384,0.050139,0.0033426,0.76602,0,0.075209,0,0,0,0.0077994,0.48691,0.026741,0.31421,1.0011,2.4869
1,146,1524,0,0,0.045276,0.32743,106.35,107.16,1.1667,0,0,1.8491,0.3878,0,0,0.33333,0,0.10302,1.977,0.014436,0.027559,0,0,0.21785,0,0,0.02231,1.0696,0,0.0059055,0.051181,0.068241,0.032808,0.84843,0.027559,0.08727,0,0,0,0,0.1227,0,0.22441,0.81955,1.977
1,147,1630,0,0,0.059509,0.30123,108.02,96.355,0.77301,0,0,1.3362,0.31472,0.037423,0,0.25951,0,0.081595,1.908,0,0.015951,0.076687,0,0.33436,0.006135,0,0.028221,0.61043,0.047853,0.0079755,0.053374,0.045399,0,0.56994,0,0.055828,0.013497,0.019632,0.014724,0.076687,0.24847,0,0.21595,0.79816,1.9847
1,148,540,0,0,0.048148,0.29815,112.43,112.84,1.4259,0,0,1.6259,0.36296,0,0,0.28889,0,0.11111,1.8944,0,0,0,0,0.20185,0,0,0.012963,0.94444,0,0,0.046296,0.088889,0.025926,0.92407,0,0.081481,0,0,0,0,0.0055556,0,0.3037,0.96296,1.8944
1,149,640,0,0,0.046875,0.32656,104.12,105.47,1.5094,0,0,1.9266,0.35625,0,0,0.32188,0,0.13594,1.9297,0.0046875,0.057813,0.039063,0,0.17969,0,0,0.014063,1.05,0,0,0.026562,0.076563,0.0125,0.93437,0.029687,0.067187,0,0,0,0,0.18906,0,0.23438,0.80625,1.9297
1,150,1129,0,0,0.033658,0.12578,78.81,85.526,0.35164,0,0,2.5837,0.35961,0.13109,0,0.38353,0.0026572,0.12932,2.1426,0.04783,0.031001,0.031887,0,0.20638,0,0,0.021258,1.0655,0,0,0.0124,0.080602,0.003543,0.82019,0.010629,0.069088,0,0,0,0.087688,0.028344,0,0.049601,0.35164,2.2303
1,151,575,0,0,0.057391,0.29043,104.78,105.13,1.2522,0,0.015652,1.8922,0.38957,0.055652,0,0.34783,0,0.12696,1.9652,0.46435,0.050435,0.046957,0,0.22087,0,0,0.024348,1.2643,0,0,0.0034783,0.064348,0.050435,0.88174,0.024348,0.074783,0,0,0.024348,0,0.21739,0,0.23304,0.8487,1.9652
1,152,679,0,0,0.054492,0.35493,154.49,109.92,1.2239,0,0.0044183,2.5317,0.3461,0.08542,0,0.29013,0,0.14728,1.8218,0,0.025037,0,0,0.23564,0,0,0.022091,0.94256,0,0,0,0.070692,0.013255,0.81149,0.0014728,0.076583,0,0.030928,0,0,0.60383,0.02651,0.37113,1.1414,1.8218
1,153,976,0,0,0.059426,0.39754,159.03,113.25,1.3115,0,0.0092213,2.2982,0.38217,0.032787,0,0.29816,0,0.1373,2.2807,0.016393,0.04918,0,0,0.20902,0,0,0.027664,1.1137,0,0,0.030738,0.058402,0.021516,0.92316,0.0020492,0.095287,0,0,0,0.012295,0.022541,0.01332,0.3627,1.0881,2.293
1,154,19203,0,0,0.057074,0.25449,98.97,97.346,0.76676,0.0020309,0.00031245,2.0547,0.3439,0.025413,0,0.31177,0.0040098,0.11613,2.1415,0.020413,0.02911,0.0033849,0,0.21726,0,0,0.020413,0.99234,0,0,0.028693,0.070354,0.015883,0.83294,0.0076551,0.065459,0,0.0018226,0,0.019424,0.090663,0.0031245,0.25439,0.8167,2.161
1,155,1256,0,0,0.050159,0.39968,157.79,112.4,1.6178,0.029459,0.0015924,2.3057,0.42197,0.11146,0,0.38376,0,0.12182,1.9244,0.069268,0.045382,0.032643,0,0.28424,0,0,0.029459,1.0717,0,0,0.08121,0.065287,0.011146,0.78185,0.011943,0.08121,0,0.011146,0,0.0031847,0.19825,0,0.30255,0.93392,1.9275
1,156,538,0,0,0.052045,0.39219,161.14,114.35,1.7342,0,0.0092937,2.1822,0.329,0.17286,0,0.36431,0,0.12825,1.8829,0,0,0.033457,0,0.24721,0,0,0.0092937,0.90892,0,0,0.01487,0.072491,0.013011,0.79182,0,0.085502,0,0,0,0.026022,0.2026,0,0.42379,1.0242,1.9089
1,157,668,0,0,0.049401,0.26048,111.58,101.4,0.39222,0,0,1.7156,0.3503,0,0,0.38024,0,0.11078,1.9775,0,0,0,0,0.19162,0,0,0.01497,0.94162,0,0,0.020958,0.056886,0.001497,0.77844,0.013473,0.080838,0,0,0,0,0.17066,0,0.24701,0.88024,1.9775
1,158,1122,0,0,0.02852,0.11676,79.467,80.699,0.29323,0,0,2.5597,0.32709,0.089127,0,0.34135,0.0098039,0.14617,2.5267,0.0053476,0,0,0,0.19519,0,0,0.020499,0.99109,0,0,0.0062389,0.055258,0.015152,0.82531,0,0.058824,0,0,0,0.081996,0.11765,0,0.10428,0.50357,2.6087
1,159,2200,0,0,0.063636,0.46182,158.22,116.29,2.0955,0,0.0045455,2.2632,0.35909,0.027727,0,0.33909,0.013636,0.12409,1.76,0.050909,0.026364,0.0086364,0,0.25364,0.0090909,0,0.020455,1.0927,0,0,0.11818,0.070455,0.0072727,0.84818,0.028182,0.083182,0,0,0,0.033636,0.043182,0,0.31182,0.925,1.7936
1,160,1771,0,0,0.060418,0.35686,118.58,109.3,1.0169,0,0,1.4342,0.32411,0.046866,0,0.29927,0,0.088086,2.3879,0.017504,0.028233,0.001694,0,0.19311,0,0,0.018634,0.80237,0,0,0.019763,0.062112,0.019763,0.68492,0,0.071146,0,0,0,0.070582,0.43535,0.0056465,0.29249,1.026,2.4585
1,161,536,0,0,0.046642,0.38619,159.69,111.14,1.3918,0,0.0074627,2.4216,0.40672,0.024254,0,0.36194,0.074627,0.15858,1.9608,0.027985,0.046642,0.027985,0,0.25933,0.01306,0,0.018657,1.1978,0,0,0.0018657,0.089552,0.029851,0.96828,0.037313,0.08209,0,0,0,0,0.057836,0,0.36567,0.99067,1.9608
1,162,552,0,0,0.061594,0.24094,143.93,96.46,0.66667,0.12862,0.0054348,2.1214,0.33514,0,0,0.26993,0,0.077899,2.0054,0.0054348,0.016304,0,0,0.2029,0,0,0.012681,0.64312,0,0,0.048913,0.068841,0,0.49819,0,0.048913,0,0,0,0.09058,0.44203,0,0.30435,0.95833,2.096
1,163,4347,0,0,0.034507,0.1279,79.805,84.598,0.34,0,0,2.0796,0.35519,0.063952,0,0.3476,0.010122,0.10835,2.0251,0.016333,0.012652,0,0,0.19025,0,0,0.020934,0.84932,0,0,0.046009,0.056361,0.011272,0.71613,0.015413,0.057281,0,0,0.0018403,0.049919,0.085116,0.0046009,0.092708,0.46446,2.075
1,164,2165,0,0,0.056813,0.41386,160.85,116.29,2.1824,0,0.004157,2.2245,0.36536,0.056351,0,0.32148,0.0083141,0.13949,1.9824,0.033256,0.021247,0,0,0.26559,0,0,0.020785,1.0328,0,0.0036952,0.027714,0.067898,0.039723,0.82125,0.024942,0.083603,0,0,0,0.0060046,0.55751,0.011085,0.30346,1.0273,1.9885
1,165,1125,0,0,0.052444,0.33867,107.62,105.93,1.2293,0,0,1.9093,0.384,0.042667,0,0.31822,0,0.10667,1.8462,0.037333,0.034667,0,0,0.26756,0,0,0.019556,1.12,0,0,0.039111,0.078222,0.034667,0.89956,0,0.065778,0,0,0,0.208,0.046222,0,0.22933,0.88,2.0542
1,166,972,0,0,0.046296,0.38992,146.09,109.89,1.8817,0,0.0030864,2.1142,0.35494,0,0,0.33745,0,0.097737,2.2737,0.08642,0.050412,0,0,0.22325,0,0,0.023663,0.91049,0.011317,0,0.065844,0.056584,0.021605,0.73251,0,0.076132,0,0.0020576,0,0.026749,0.29527,0,0.22325,0.86214,2.3004
1,167,789,0,0,0.050697,0.3853,163.17,113.64,3.0672,0,0,1.7921,0.3891,0.10013,0,0.31179,0,0.11153,2.3815,0.13308,0,0.041825,0,0.22687,0,0,0.016477,0.87959,0,0,0.032953,0.065906,0,0.64639,0.054499,0.081115,0,0,0,0,0.59316,0.041825,0.33714,1.1179,2.3815
1,168,4042,0,0,0.067293,0.5141,141.35,112.69,3.6672,0,0.0034636,1.8065,0.31964,0.061356,0,0.30158,0.010638,0.080653,2.094,0.097476,0.042553,0.12172,0,0.37234,0.010391,0.021771,0.060614,0.78723,0.1905,0.002474,0.046759,0.057397,0.021029,0.56136,0.010143,0.07051,0.02573,0.0039584,0.0089065,0.10242,0.11331,0.01237,0.27511,0.85057,2.1964
1,169,885,0,0,0.039548,0.13107,81.09,89.516,0.085876,0,0,1.8689,0.32768,0.040678,0,0.30508,0,0.11073,2.1243,0.031638,0,0,0,0.16045,0,0,0.021469,1.0362,0,0,0.055367,0.059887,0,0.7548,0.0056497,0.064407,0,0,0,0,0.0033898,0.014689,0.046328,0.27458,2.1243
1,170,746,0,0,0.061662,0.47721,156.3,116.35,3.1676,0,0,2.7574,0.39544,0.14477,0,0.35389,0.02681,0.16354,1.8311,0.046917,0.030831,0.032172,0,0.23324,0,0.0080429,0.014745,1.4169,0,0,0.064343,0.10456,0.012064,0.95845,0.033512,0.076408,0,0,0,0.12332,0.14879,0.029491,0.32172,1.0643,1.9544
1,171,1866,0,0,0.061093,0.3687,151.07,115.77,1.575,0,0.0042872,2.4255,0.37996,0.032154,0,0.3612,0.022508,0.12808,2.0852,0.04448,0.029475,0.062165,0,0.25991,0,0,0.023044,1.1822,0,0,0.025188,0.071275,0.01179,0.87192,0.0016077,0.083601,0,0,0,0,0.06806,0,0.40675,1.1367,2.0852
1,172,588,0,0,0.034014,0.13435,85.196,82.391,0.086735,0,0,2.5663,0.34354,0.042517,0,0.34184,0,0.11054,1.7279,0.073129,0,0,0,0.2466,0,0,0.02551,0.97959,0,0,0.0017007,0.040816,0,0.78571,0,0.045918,0,0,0,0.098639,0.054422,0,0.16667,0.64796,1.8265
1,173,2026,0,0,0.088351,0.24827,146.25,95.363,0.33514,0,0,1.8544,0.32774,0.0039487,0,0.27147,0,0.083416,2.3124,0.018756,0.0078973,0.01234,0,0.18312,0,0,0.021224,0.73643,0,0,0.0083909,0.053801,0.0049358,0.71619,0.0044423,0.068608,0,0,0.0024679,0.052813,0.1308,0,0.25074,0.88944,2.3653
1,174,523,0,0,0.063098,0.24474,147.28,102.01,1.6119,0,0,2.4302,0.37667,0.072658,0,0.28107,0.011472,0.082218,1.9694,0,0.051625,0.045889,0,0.23709,0,0,0.024857,0.84895,0,0,0.082218,0.057361,0.024857,0.65774,0,0.06501,0,0,0,0.038241,0.34799,0,0.35946,0.94837,2.0076
1,175,582,0,0,0.061856,0.34708,114.92,108.05,1.6959,0.0017182,0,1.488,0.35052,0.06701,0,0.35911,0,0.12371,2.7698,0.14605,0.070447,0.054983,0,0.2354,0,0,0.032646,1.0103,0,0,0.072165,0.07732,0.013746,0.67869,0.017182,0.084192,0,0,0.013746,0.010309,1.1873,0.061856,0.30928,0.97079,2.7801
1,176,4345,0,0,0.058228,0.40322,164.2,119.61,5.4055,0.028999,0.0027618,2.3353,0.38665,0.093441,0.0025316,0.36962,0.033602,0.12474,1.8888,0.20875,0.026928,0.079862,0.01496,0.33096,0.01611,0.01473,0.029229,1.1155,0.0011507,0,0.053165,0.075029,0.025316,0.80759,0.020253,0.082854,0.0059839,0.03038,0.0089758,0.037284,0.17169,0.017491,0.43291,1.2166,1.9261
1,177,1076,0,0,0.053903,0.38755,112.58,104.84,0.90335,0,0,1.8513,0.36896,0.080855,0,0.34201,0,0.13197,1.8615,0.1961,0,0.08829,0,0.25465,0,0,0.01487,1.3968,0,0,0.010223,0.090149,0.015799,1.131,0.02881,0.071561,0,0,0,0.12082,0.12268,0.062268,0.25836,0.90985,1.9823
1,178,867,0,0,0.05767,0.29988,103.69,101.33,0.68051,0,0,1.9769,0.35525,0,0,0.33795,0.017301,0.12803,1.8593,0,0.069204,0,0,0.21338,0,0,0.021915,1.1119,0,0,0.088812,0.083045,0.0023068,0.90081,0.0034602,0.081892,0,0,0,0,0.23529,0,0.17762,0.8143,1.8593
1,179,1929,0,0,0.076205,0.35977,117.38,106.29,0.50078,0,0,1.55,0.33385,0.23691,0,0.33696,0.0093313,0.10886,2.3349,0.013478,0.010368,0,0,0.22758,0,0.019181,0.013997,1.014,0,0.0072576,0.027475,0.079316,0.02281,0.86522,0,0.066874,0,0,0,0.033696,0.5775,0,0.32193,1.0026,2.3686
1,180,5422,0,0,0.056437,0.43158,141.74,110.79,3.997,0.46662,0.0036887,1.7034,0.37735,0.084655,0,0.31575,0.012541,0.11361,2.6785,0.063445,0.064183,0.049982,0.011435,0.29399,0.0047953,0.0057174,0.022685,0.85817,0,0.0027665,0.095352,0.06529,0.043342,0.66359,0.019734,0.080598,0.0022132,0.010882,0,0.045924,0.52435,0.026005,0.22944,0.85079,2.7245
1,181,845,0,0,0.039053,0.11243,72.981,89.819,0.2426,0.013018,0,1.9278,0.32308,0.11598,0,0.36686,0,0.10296,1.7799,0.023669,0,0.03787,0,0.18343,0,0,0.016568,0.90296,0,0,0.046154,0.061538,0,0.74556,0.0094675,0.057988,0,0,0,0.078107,0.16213,0.0059172,0.024852,0.17751,1.858
1,182,30549,0,0,0.055845,0.19415,90.578,86.607,0.23788,0.11955,0,2.0231,0.34276,0.05483,0,0.31255,0.0030116,0.10586,3.1961,0.058202,0.029886,0.0024223,0,0.21922,0,0.00045828,0.018528,0.83302,0,0.0075616,0.026122,0.058005,0.019935,0.70667,0.0031425,0.061017,0,0,0.00026187,0.036499,0.16927,0.014436,0.22403,0.74831,3.2326
1,183,500,0,0,0.044,0.106,78.882,87.942,0.228,0,0,2.464,0.372,0.156,0,0.408,0,0.106,1.27,0,0.028,0,0,0.278,0,0,0.022,1.096,0,0,0,0.088,0.022,0.784,0.026,0.056,0,0,0,0.748,0,0,0.06,0.43,2.018
1,184,1455,0,0,0.074914,0.34089,117.39,105.86,0.7134,0,0,1.5904,0.33333,0.009622,0,0.3244,0,0.12302,2.2907,0,0.024742,0,0,0.22405,0,0,0.024742,1.0804,0,0,0.0082474,0.068041,0.02268,0.95808,0,0.082474,0,0,0,0.090722,0.28247,0,0.29966,1.0179,2.3814
1,185,2742,0,0,0.13384,0.50219,106.27,114.24,49.689,0.42597,0.00072939,2.0744,0.76988,0.56893,0.040846,0.41357,0.39533,0.25346,1.8662,0.4081,0.13275,0.41101,0.34209,1.632,0.5,0.28519,0.11889,1.1783,0.031729,0.036834,0.2655,0.1798,0.12509,0.78483,0.16849,0.091539,0.13494,0.45733,0.16958,0.19001,0.050328,0.11926,0.31546,0.62874,2.0562
1,186,503,0,0,0.087475,0.42147,118.3,111.77,0.94433,0,0,1.4553,0.35388,0,0,0.30417,0,0.12724,1.8926,0.14712,0,0,0,0.21471,0,0,0.019881,0.88867,0,0,0,0.069583,0,0.67396,0,0.06163,0,0.037773,0,0.04175,0.30815,0,0.38569,1.0437,1.9344
1,187,500,0,0,0.04,0.18,88.278,81.666,0.082,0.006,0,2.418,0.37,0.216,0,0.358,0,0.118,1.902,0,0,0,0,0.19,0,0,0.022,1.084,0,0,0.05,0.088,0.002,0.828,0,0.068,0,0,0,0.158,0.186,0,0.168,0.688,2.06
1,188,978,0,0,0.052147,0.37628,110.11,106.43,0.88241,0,0,1.8405,0.34663,0.0092025,0,0.32413,0,0.13395,1.8252,0.052147,0.00818,0,0,0.27198,0,0,0.02454,1.2065,0,0,0.033742,0.082822,0.0030675,1.0204,0,0.075665,0,0,0,0.01227,0.20143,0,0.27403,0.85481,1.8374
1,189,689,0,0,0.044993,0.3643,154.56,114.12,1.5704,0,0,1.5109,0.39332,0,0,0.29898,0,0.11756,2.0697,0.033382,0.01016,0.017417,0,0.21335,0,0,0.017417,0.94194,0,0,0.027576,0.069666,0.044993,0.83599,0.013062,0.072569,0,0,0,0.03193,0,0,0.33817,1.2264,2.1016
1,190,1786,0,0,0.094625,0.29787,159.14,104.2,0.6243,0,0.0039194,1.9894,0.31579,0.090146,0,0.257,0.0067189,0.11534,2.1467,0.032475,0.027996,0.011758,0,0.18589,0,0.015677,0.016797,0.80179,0,0,0.031355,0.041993,0.0027996,0.68701,0,0.06215,0,0,0,0.06551,0.22956,0,0.31915,1.005,2.2122
1,191,1087,0,0,0.046918,0.4195,161.16,116.53,2.7498,0,0,1.8859,0.36707,0.083717,0,0.36339,0.024839,0.14167,1.9108,0.23183,0.066237,0.043238,0,0.22263,0.021159,0,0.027599,1.0966,0,0,0.020239,0.074517,0.01012,0.79393,0,0.087397,0,0,0,0.057958,0.28335,0.01012,0.37718,1.1214,1.9687
1,192,1517,0,0,0.077126,0.35069,161.38,108.76,2.0105,0.006592,0,2.3428,0.35465,0.18392,0,0.30587,0.021753,0.13514,2.1885,0.69413,0.019117,0.069875,0,0.29664,0,0.0059328,0.027027,0.94331,0,0,0.025049,0.068556,0.017798,0.82531,0.028345,0.069216,0.015162,0.0098879,0,0.006592,0.17732,0.035597,0.37904,1.056,2.1951
1,193,5894,0,0,0.048185,0.40414,146.37,110.44,1.4013,0,0.0039023,1.6675,0.36715,0.042755,0,0.31778,0.0059382,0.12945,2.0382,0.032406,0.04038,0.012555,0,0.22565,0.0027146,0,0.022396,0.97693,0,0.0027146,0.051917,0.066169,0.021378,0.82779,0.0011876,0.082626,0,0,0,0.011707,0.18646,0.0018663,0.25857,0.92857,2.0499
1,194,591,0,0,0.052453,0.29949,111.86,110.23,0.35195,0,0,1.0626,0.29103,0,0,0.24365,0,0.079526,1.9255,0,0,0,0,0.15398,0,0,0.011844,0.64298,0,0,0.0033841,0.047377,0.0033841,0.56684,0,0.060914,0,0,0,0,0.094755,0,0.31472,1.0948,1.9255
1,195,518,0,0,0.050193,0.27992,118.09,97.423,0.26448,0,0,1.1178,0.25869,0,0,0.21815,0,0.07722,1.9324,0,0,0,0,0.18147,0,0,0.003861,0.68533,0,0,0.0096525,0.052124,0.013514,0.64093,0,0.040541,0,0,0,0.0019305,0,0,0.27992,0.98456,1.9344
1,196,619,0,0,0.038772,0.39095,117.05,107.47,0.74313,0,0,1.6704,0.36511,0,0,0.29241,0,0.10985,2.0048,0.084006,0.037157,0,0,0.22294,0,0,0.022617,1.2278,0,0,0.006462,0.067851,0.022617,1.0646,0,0.074313,0,0,0,0.035541,0.01454,0,0.3441,0.98708,2.0404
1,197,8733,0,0,0.049582,0.3891,147.41,113.79,1.8503,0,0.0012596,1.632,0.32967,0.051758,0,0.28077,0.0083591,0.11096,2.372,0.023818,0.023703,0.023245,0,0.23967,0.00068705,0,0.022673,0.85045,0,0.0012596,0.03962,0.061262,0.019008,0.73342,0.006298,0.081873,0,0.0025192,0,0.017749,0.70033,0.029772,0.2597,0.89293,2.3898
1,198,2232,0,0,0.044355,0.13217,78.858,86.535,0.18145,0,0,1.7796,0.29256,0.017025,0,0.31496,0,0.10708,2.065,0.06138,0.012097,0.026434,0,0.20923,0,0,0.017473,0.86649,0,0,0.0080645,0.061828,0.0076165,0.64964,0.00044803,0.057348,0,0,0,0.0098566,0.011649,0,0.081093,0.44982,2.0748
1,199,23836,0,0,0.082312,0.33949,165.14,111.45,1.5524,0.45096,0.0020977,1.2618,0.32262,0.12624,0,0.22982,0.014306,0.075852,3.9881,0.14172,0.066832,0.013803,4.1953e-05,0.17499,0.00050344,0.0025592,0.022655,0.48288,0,0.0079711,0.017662,0.050931,0.028277,0.44676,0.0031045,0.072286,0,0,0,0.05542,0.65783,0.034276,0.40846,1.1045,4.0435
1,200,941,0,0,0.047821,0.39851,114.6,103.77,0.68863,0,0,1.5058,0.39107,0.014878,0,0.33475,0,0.11583,1.6908,0.046759,0.030818,0,0,0.24761,0,0,0.01169,0.88948,0,0,0.0095643,0.046759,0,0.83528,0.0042508,0.064825,0,0,0,0.12859,0.048884,0,0.27524,0.94687,1.8193
1,201,720,0,0,0.041667,0.32778,104.42,103.83,1.8097,0,0,1.7611,0.29861,0,0,0.28889,0,0.13333,1.8819,0,0,0,0,0.24583,0,0,0.031944,1.0583,0,0,0.0055556,0.052778,0,0.81528,0,0.068056,0,0,0,0,0.17778,0,0.28472,0.85,1.8819
1,202,739,0,0,0.032476,0.13396,78.922,90.533,0.1935,0,0,1.8769,0.32206,0,0,0.36265,0,0.11908,2.7916,0,0,0,0,0.17997,0,0,0.016238,0.87551,0,0,0.023004,0.056834,0,0.73207,0.017591,0.05954,0,0,0,0,0.18674,0,0.047361,0.37483,2.7916
1,203,1979,0,0,0.079838,0.25164,154.59,98.854,0.44821,0,0.0025265,1.8439,0.30925,0.02476,0,0.25973,0,0.088428,2.6589,0.18949,0.045478,0,0,0.19404,0,0,0.013138,0.67559,0,0,0.018191,0.059626,0.026781,0.67458,0.0070743,0.070237,0,0,0,0.064174,0.32239,0.021728,0.33249,0.88833,2.7231
1,204,721,0,0,0.040222,0.18863,87.184,95.906,0.38419,0,0,1.8488,0.31068,0,0,0.33703,0,0.11928,2.0402,0.041609,0.011096,0,0,0.14286,0,0,0.012483,1.0222,0,0,0.026352,0.087379,0,0.9043,0,0.061026,0,0,0,0,0,0,0.16505,0.5423,2.0402
1,205,2078,0,0,0.033686,0.12175,76.13,90.444,0.45958,0,0,1.9418,0.32676,0.064485,0,0.31521,0.0091434,0.12656,2.1564,0.030799,0.0057748,0.012993,0,0.16987,0,0,0.024543,0.88017,0,0,0.016362,0.06256,0.016362,0.71607,0.0024062,0.052454,0,0,0,0.053898,0.16747,0.019731,0.047642,0.31232,2.2103
1,206,736,0,0,0.036685,0.125,81.389,93.375,0.21875,0,0,1.7976,0.34783,0.0081522,0,0.31793,0,0.091033,2.0217,0.0013587,0.04212,0,0,0.16304,0,0,0.013587,0.71196,0,0,0.0054348,0.050272,0,0.56658,0,0.05163,0,0,0,0.027174,0.10734,0,0.08288,0.53533,2.0489
1,207,578,0,0,0.032872,0.30623,113.57,99.756,0.13495,0,0,0.79066,0.29066,0,0,0.20069,0,0.029412,1.7197,0,0,0,0,0.12803,0,0,0.0051903,0.48789,0,0,0,0.036332,0,0.44118,0,0.046713,0,0,0,0.060554,0.076125,0,0.29066,0.92734,1.7803
1,208,632,0,0,0.047468,0.33703,104.6,101.12,0.53797,0,0,1.7104,0.33861,0.060127,0,0.27373,0.022152,0.10759,1.8022,0,0.045886,0,0,0.18196,0,0,0.033228,1.0047,0,0,0.014241,0.066456,0,0.91772,0,0.079114,0,0,0,0.12975,0.57753,0,0.25158,0.85601,1.932
1,209,1003,0,0,0.045862,0.34596,104.24,98.63,0.25623,0,0,1.1466,0.31805,0,0,0.23928,0,0.087737,2.006,0,0,0,0,0.17149,0,0,0.014955,0.63509,0,0,0.014955,0.044865,0.001994,0.5683,0,0.067797,0,0,0,0,0.094716,0,0.24327,0.91525,2.006
1,210,1586,0,0,0.1053,0.19168,90.337,93.252,0.21438,0,0,1.3764,0.25473,0,0,0.23644,0,0.070618,2.2301,0,0,0,0,0.15069,0,0,0.010719,0.57314,0,0,0.00063052,0.041614,0.0050441,0.53279,0,0.054224,0,0,0,0,0.063682,0,0.25662,0.75977,2.2301
1,211,571,0,0,0.089317,0.24694,147.99,90.953,0.036778,0,0,1.8389,0.3345,0,0,0.25919,0,0.12084,2.0315,0,0,0,0,0.19615,0,0,0.019264,0.86865,0,0,0.0052539,0.047285,0.04028,0.79335,0,0.077058,0,0,0,0,0.25919,0,0.22242,0.76532,2.0315
1,212,871,0,0,0.04822,0.14122,82.735,93.203,0.53846,0,0,2.0482,0.38691,0.14581,0,0.3915,0,0.092997,1.9369,0.10103,0.02411,0,0,0.25718,0,0,0.032147,1.1263,0,0,0.0045924,0.082664,0,0.66361,0.01837,0.057405,0,0,0,0.20436,0.065442,0,0.10677,0.59472,2.1412
1,213,1356,0,0,0.050885,0.16888,88.124,83.218,0.19985,0,0,1.9683,0.29425,0,0,0.30383,0,0.09587,2.0715,0,0.011799,0,0,0.17478,0,0,0.017699,0.90929,0,0,0.0066372,0.058997,0,0.6733,0,0.050147,0,0,0,0.026549,0,0,0.19912,0.73968,2.0981
1,214,1202,0,0,0.054908,0.35441,106.82,105.61,0.96589,0.12978,0,1.5807,0.31115,0.02995,0,0.3203,0,0.099002,2.0507,0.0016639,0.018303,0.0083195,0,0.20965,0,0.0074875,0.022463,0.92596,0,0,0.047421,0.067388,0.0074875,0.68719,0,0.054077,0,0,0,0.0058236,0.55075,0.030782,0.27454,0.88353,2.0566
1,215,2752,0,0,0.042878,0.15625,79.847,87.345,0.24746,0,0.0014535,2.4037,0.40334,0.074491,0,0.4157,0.022529,0.129,2.1235,0.11192,0.032703,0.017805,0,0.23692,0,0,0.021802,1.435,0.0076308,0,0.034157,0.09593,0.012355,0.89462,0.014898,0.077035,0,0,0,0.045785,0.077035,0,0.060683,0.44222,2.1693
1,216,3009,0,0,0.040213,0.1439,77.269,89.478,0.24294,0,0,1.9744,0.37587,0.048521,0,0.36623,0.0069791,0.12895,2.1356,0.023928,0.019608,0,0,0.20273,0,0,0.016284,1.1309,0,0,0.030243,0.075108,0.0036557,0.88269,0.011964,0.067464,0,0,0,0.003988,0.13858,0,0.04121,0.36125,2.1396
1,217,3249,0,0,0.069868,0.25639,157.69,102.02,0.40689,0,0.0030779,1.8236,0.30225,0,0,0.26439,0,0.092952,2.0299,0,0.012004,0,0,0.2093,0,0,0.018467,0.79378,0,0,0.037858,0.059711,0.0046168,0.66667,0.0040012,0.06125,0,0,0,0.022468,0.11234,0.0033857,0.31856,0.91597,2.0523
1,218,502,0,0,0.053785,0.12151,78.582,91.789,0.12151,0,0,1.4283,0.36653,0.061753,0,0.28486,0,0.095618,1.739,0,0,0,0,0.18127,0,0,0.01992,0.60159,0,0,0,0.043825,0,0.43825,0,0.051793,0,0,0,0.053785,0.13147,0,0.057769,0.46016,1.7928
1,219,2216,0,0,0.037455,0.22247,104.38,81.371,0.062274,0,0,0.6444,0.20668,0,0,0.15839,0,0.036552,2.079,0,0,0.11507,0,0.49007,0.0090253,0.078069,0.099729,0.35921,0.22518,0.0054152,0,0.035199,0,0.32897,0,0.047834,0.058664,0.0058664,0.0072202,0.034296,0,0,0.15749,0.62996,2.1133
1,220,563,0,0,0.079929,0.28242,149.47,94.531,0.21492,0,0,1.8277,0.31972,0,0,0.24512,0,0.10302,1.8757,0,0,0,0,0.20249,0,0,0.017762,0.88277,0,0,0,0.05151,0.023091,0.66963,0,0.053286,0,0,0,0,0,0,0.22025,0.69094,1.8757
1,221,1493,0,0,0.045546,0.14334,82.664,100.29,0.39116,0,0,2.0496,0.31748,0.12525,0,0.42264,0.014735,0.11654,1.9049,0.11319,0.026792,0.00066979,0,0.26792,0,0,0.021433,1.1983,0.0026792,0,0.0060281,0.068989,0.00066979,0.61152,0.010717,0.059612,0,0,0,0.0093771,0.10985,0.0026792,0.073677,0.48627,1.9143
1,222,505,0,0,0.025743,0.29505,106.21,90.075,0.027723,0,0,0.98218,0.25347,0,0,0.23366,0,0.051485,2.2059,0,0,0,0,0.13069,0,0,0.015842,0.6495,0,0,0,0.043564,0,0.58218,0,0.049505,0,0,0,0,0.56238,0,0.2,0.79604,2.2059
1,223,698,0,0,0.054441,0.41834,109.42,103.44,1.437,0,0,1.7321,0.33524,0.041547,0,0.30802,0,0.11891,1.8968,0,0,0,0,0.22063,0,0,0.02149,0.82378,0,0,0.035817,0.071633,0.014327,0.73209,0,0.044413,0,0,0,0,0.60888,0,0.31519,0.96418,1.8968
1,224,568,0,0,0.042254,0.16197,83.754,93.988,0.41549,0,0,1.6972,0.3662,0.06338,0,0.33803,0,0.15493,1.6813,0.072183,0.0070423,0,0,0.22183,0,0,0.014085,1.0634,0,0,0.014085,0.070423,0,0.86268,0,0.082746,0,0,0,0.24296,0,0.021127,0.12852,0.48768,1.9243
1,225,25158,0,0,0.061054,0.35118,114.41,104.44,1.1545,0.074171,0,1.4033,0.31203,0.068527,0,0.27073,0.0056443,0.10462,3.2268,0.12859,0.040941,0.0049686,0.00027824,0.17831,0.00091422,0.0026632,0.019835,0.76552,0.00047699,0.0060021,0.022776,0.060378,0.026433,0.68563,0.0064393,0.065903,0,0,0,0.026155,0.68288,0.024167,0.39979,1.0118,3.253
1,226,1575,0,0,0.067302,0.14159,82.75,89.782,0.12825,0,0,1.7962,0.31937,0,0,0.30603,0,0.10476,1.9873,0,0.0044444,0,0,0.17778,0,0,0.017143,0.81778,0,0,0.0063492,0.057778,0,0.66984,0,0.055238,0,0,0,0,0,0.0095238,0.17651,0.76317,1.9873
1,227,1537,0,0,0.054001,0.33116,148.69,108.21,5.8445,0,0.060507,1.8861,0.35198,0.033832,0.10605,0.36174,0,0.10995,2.0423,0.013663,0.033832,0.0065062,0,0.28953,0,0,0.029278,0.76057,0,0.018217,0.061809,0.066363,0.013663,0.70462,0,0.080677,0,0,0,0,0.24723,0,0.33832,0.96747,2.0423
1,228,36139,0,0,0.059188,0.28501,103.18,98.085,2.1505,0.26005,0.0038739,1.6361,0.3323,0.079388,0.00055342,0.27948,0.0071668,0.091812,3.7122,0.063394,0.063726,0.035004,0.0075818,0.18263,0.0035696,0.0026841,0.022607,0.6773,0,0.0091037,0.032818,0.057334,0.027948,0.58914,0.0042613,0.068901,0,0.012756,0.0017986,0.040676,0.57448,0.029221,1.0173,1.5217,3.7529
1,229,802,0,0,0.047382,0.30798,104.04,97.498,0.97756,0,0,1.1521,0.26808,0,0,0.2394,0,0.072319,2.0287,0.053616,0,0,0,0.23192,0,0,0.0099751,0.67581,0,0,0.043641,0.051122,0,0.53741,0.0087282,0.053616,0,0,0,0,0.50998,0,0.27057,0.94514,2.0287
1,230,534,0,0,0.050562,0.13296,76.037,90.584,0.24532,0,0,1.5824,0.35019,0.074906,0,0.27715,0,0.074906,2.0056,0,0.065543,0,0,0.1573,0,0,0.014981,0.76217,0,0,0,0.061798,0,0.6161,0,0.041199,0,0,0,0.035581,0.28839,0,0.074906,0.50375,2.0412
1,231,683,0,0,0.054173,0.34261,139.02,107.82,1.4641,0,0,1.5827,0.35139,0,0,0.24744,0,0.073206,1.8712,0.19912,0.014641,0,0,0.2328,0,0,0.023426,0.77306,0,0,0.027818,0.062958,0.021962,0.61347,0.0014641,0.060029,0,0,0,0,0.19034,0.073206,0.27526,0.89458,1.8712
1,232,1178,0,0,0.029711,0.27504,106.72,92.456,0.089134,0,0,1.0144,0.22496,0,0,0.21647,0,0.058574,2.1222,0,0,0,0,0.17657,0,0,0.011885,0.59593,0,0,0,0.051783,0,0.57046,0,0.041596,0,0,0,0.051783,0.37946,0,0.19355,0.74703,2.174
1,233,2209,0,0,0.048438,0.14622,81.456,90.202,1.1548,0.0022635,0,2.2078,0.3531,0.13128,0,0.36578,0.01177,0.11408,1.8044,0.041648,0.034857,0.0027162,0,0.19602,0,0,0.018108,0.95971,0,0,0.056587,0.079221,0.0086012,0.71118,0.0049796,0.067904,0,0,0,0.13354,0.12268,0,0.45813,1.2526,1.938
1,234,906,0,0,0.025386,0.3543,100.33,90.217,0.40839,0,0,1.1799,0.25386,0,0,0.27042,0,0.098234,2.3333,0,0,0,0,0.19205,0,0,0.020971,0.86865,0,0,0.029801,0.076159,0.027594,0.73179,0,0.051876,0,0,0,0.19205,0.33223,0.019868,0.20309,0.77042,2.5254
1,235,2299,0,0,0.047412,0.14485,81.269,90.351,0.31187,0.0086994,0,2.0848,0.36668,0.069161,0,0.37234,0.00043497,0.10483,2.1109,0.039582,0.032188,0,0,0.22793,0,0,0.015659,1.0213,0,0,0.030448,0.08047,0.017399,0.71901,0.0039147,0.055676,0,0,0,0.068291,0.062201,0.0039147,0.16442,0.59374,2.1792
1,236,24269,0,0,0.051506,0.35696,147.06,105.42,1.2661,0.069883,0.005439,2.111,0.36264,0.08892,0,0.30586,0.0051506,0.10454,3.0182,0.072026,0.05266,0.013227,0,0.23511,0.0031728,0.0017306,0.023157,0.81903,0.0008653,0.005027,0.0595,0.062796,0.037744,0.72022,0.0078289,0.078001,0.00037084,0,0,0.034241,0.36281,0.01162,0.3825,0.98302,3.0525
1,237,529,0,0,0.15879,0.28922,153.07,99.212,0.26654,0,0,1.1588,0.24764,0,0,0.1966,0,0.056711,2.1059,0,0,0,0,0.1172,0,0,0.0056711,0.38563,0,0,0.032136,0.047259,0,0.42722,0,0.05293,0,0,0,0,0.14367,0,0.58979,0.80529,2.1059
1,238,800,0,0,0.03875,0.31125,108.22,94.66,0.54125,0,0,0.8075,0.23375,0,0,0.18875,0,0.0725,2.3487,0,0,0,0,0.11125,0,0,0.00875,0.61125,0,0,0.00625,0.05875,0,0.5575,0,0.05125,0,0,0,0.02875,0.615,0,0.21125,0.83375,2.3775
1,239,1264,0,0,0.068829,0.30301,160.46,106.74,0.35601,0,0,1.9684,0.31092,0.03481,0,0.28165,0,0.093354,1.9494,0.088608,0.021361,0,0,0.21598,0,0,0.012658,0.7231,0,0,0.0087025,0.058544,0.0047468,0.72706,0,0.063291,0,0,0,0.010285,0.13212,0,0.3481,1.0016,1.9597
1,240,2513,0,0,0.060883,0.15559,85.406,90.429,0.49025,0,0.0011938,1.7883,0.31397,0.084759,0,0.2881,0.013132,0.095503,2.1508,0.24672,0.022284,0,0,0.15002,0,0,0.018305,0.68006,0,0,0.0071628,0.054517,0.005969,0.55034,0.0083565,0.058098,0,0,0,0.027457,0.30402,0.029845,0.33625,0.83685,2.1783
1,241,724,0,0,0.055249,0.15608,83.896,88.807,0.32044,0,0,2.029,0.34392,0.042818,0,0.38674,0,0.13536,2.0124,0.070442,0.0096685,0,0,0.22376,0,0,0.015193,1.2196,0,0,0.019337,0.070442,0.0055249,0.8895,0,0.049724,0,0,0,0,0,0,0.1174,0.62155,2.0124
1,242,723,0,0,0.062241,0.42739,152.08,116.45,1.0401,0,0,1.8091,0.35408,0,0,0.3112,0.030429,0.098202,2.0954,0.038728,0.038728,0,0,0.26003,0,0,0.013831,0.78423,0,0,0.027663,0.055325,0,0.5823,0,0.070539,0.017981,0,0,0,0.49654,0,0.3527,0.81881,2.0954
1,243,838,0,0,0.063246,0.16706,86.757,95.513,0.26253,0.016706,0.0023866,1.6551,0.29833,0.023866,0,0.29594,0,0.090692,2.0668,0,0,0,0,0.15274,0,0,0.01432,1.0012,0,0,0.0059666,0.054893,0,0.68019,0,0.047733,0,0,0,0.050119,0,0,0.26014,0.80668,2.1169
1,244,2949,0,0,0.040692,0.13903,80.551,82.815,0.11224,0,0,1.804,0.32384,0.1058,0,0.27094,0.012208,0.10241,2.9122,0.099017,0.044083,0.013903,0,0.14751,0,0,0.017633,0.67548,0,0.0054256,0.0091556,0.052899,0.023737,0.60393,0.012547,0.065107,0,0,0,0.057647,0.30926,0.019668,0.27535,0.74975,2.9698
1,245,819,0,0,0.078144,0.30891,145.53,112.14,0.61294,0,0,1.9145,0.32112,0.042735,0,0.31258,0,0.078144,1.8669,0,0.008547,0,0,0.20879,0,0,0.023199,0.83028,0,0,0.017094,0.065934,0.003663,0.7094,0.019536,0.079365,0,0,0,0,0,0,0.73871,1.0403,1.8669
1,246,4512,0,0,0.057624,0.32535,136.05,97.73,1.174,0.1445,0.0088652,1.3296,0.27504,0.0099734,0,0.20878,0,0.055629,2.1724,0,0.025488,0.12101,0,0.43019,0.0095301,0.013298,0.062722,0.43484,0.11392,0.0046543,0.011746,0.043218,0.01219,0.41689,0,0.068262,0.037234,0.0086436,0.0075355,0.014849,0.084441,0,0.34818,0.89384,2.1873
1,247,1216,0,0,0.042763,0.15049,77.013,83.238,0.2023,0,0,2.1472,0.33059,0.041118,0,0.31086,0,0.13158,2.3808,0,0.041941,0,0,0.14803,0,0,0.024671,0.77796,0,0,0.018092,0.056743,0.034539,0.6801,0,0.043586,0,0,0,0,0.055099,0,0.16941,0.58059,2.3808
1,248,15574,0,0,0.072172,0.31244,117.82,102.35,2.6047,0.20239,0,1.522,0.30493,0.026647,0,0.26891,0.013227,0.084115,2.401,0.1062,0.032233,0.050276,0,0.22563,0.0006421,0.020547,0.029536,0.68884,0.056504,0.0052652,0.029793,0.054193,0.0075125,0.54565,0.006742,0.062861,0.031848,0.0013484,0,0.020932,0.42622,0.012778,0.25761,0.93431,2.4219
1,249,1356,0,0,0.037611,0.10398,73.909,76.892,0.071534,0,0,2.0944,0.30162,0,0,0.29499,0,0.11136,2.09,0,0,0,0,0.15782,0,0,0.014012,0.70354,0,0,0.056047,0.047935,0,0.56637,0,0.051622,0,0,0,0.056047,0.061209,0,0.061947,0.40413,2.146
1,250,1250,0,0,0.036,0.312,140.23,98.604,0.9336,0,0.0128,2.2552,0.3824,0.0072,0,0.3496,0,0.112,1.9424,0,0.0472,0,0,0.252,0,0,0.016,0.9624,0,0,0.0232,0.0864,0.004,0.7248,0.0184,0.0792,0,0,0,0.0192,0,0,0.28,0.944,1.9616
1,251,1404,0,0,0.07265,0.28063,125.6,95.319,0.59829,0,0,1.6759,0.30556,0,0,0.29131,0,0.11681,2.2315,0,0.017806,0,0,0.19088,0,0,0.017806,0.83547,0,0,0.10969,0.057692,0,0.71154,0.008547,0.059117,0,0,0,0.022792,0.3198,0,0.15385,0.68875,2.2543
1,252,601,0,0,0.083195,0.34276,118.74,106.22,1.1947,0,0,1.9551,0.33444,0.033278,0,0.2629,0,0.1015,1.9667,0,0.019967,0,0,0.16473,0,0,0.018303,0.8386,0,0,0.0033278,0.06822,0.019967,0.77704,0,0.058236,0,0,0,0,0.2396,0,0.26456,1.0399,1.9667
1,253,690,0,0,0.027536,0.089855,72.506,76.874,0.037681,0,0,1.9261,0.31014,0,0,0.31594,0,0.13333,2.3507,0,0,0,0,0.15797,0,0,0.010145,0.77536,0,0,0,0.05942,0,0.70145,0.034783,0.052174,0,0,0,0,0.42464,0.018841,0.046377,0.32609,2.3507
1,254,621,0,0,0.037037,0.1095,76.911,81.317,0.10467,0,0,2.1401,0.30113,0,0,0.30435,0,0.11916,1.9098,0,0,0,0,0.18196,0,0,0.028986,0.73591,0,0,0.049919,0.062802,0.011272,0.52496,0,0.059581,0,0,0,0,0,0,0.078905,0.46538,1.9098
1,255,1883,0,0,0.06957,0.33988,120.81,107.77,1.1344,0,0,1.9628,0.36059,0.0095592,0,0.32236,0.0042485,0.12533,2.351,0.018056,0.027616,0.030802,0,0.2034,0,0,0.02496,0.95486,0,0,0.034519,0.06479,0.024429,0.90547,0,0.082315,0,0,0,0.013277,0.69835,0.016463,0.27722,0.97557,2.3643
1,256,509,0,0,0.033399,0.11002,73.898,74.69,0.38703,0,0,2.3536,0.31631,0,0,0.33595,0,0.12967,1.7642,0.1336,0,0.027505,0,0.16306,0,0,0.015717,1.0884,0,0,0.011788,0.068762,0,0.92141,0,0.064833,0,0,0,0.02947,0.0098232,0,0.039293,0.33988,1.7937
1,257,3585,0,0,0.036541,0.10488,73.155,77.386,0.12859,0,0.00083682,1.7922,0.32273,0.15509,0,0.30544,0.019805,0.10711,3.0695,0.20697,0.059135,0.016736,0,0.1417,0,0,0.019526,0.68926,0,0,0.01311,0.056346,0.0058577,0.59526,0.0066946,0.056067,0,0,0,0.022036,0.5325,0.032636,0.052999,0.42399,3.0915
1,258,1566,0,0,0.035121,0.11877,73.792,75.896,0.13091,0,0,2.355,0.33716,0.025543,0,0.34802,0.00894,0.095147,2.159,0.033844,0,0,0,0.16092,0,0,0.018519,0.91379,0,0,0.024904,0.06705,0.01788,0.7484,0.0076628,0.052363,0,0,0,0,0.077267,0,0.037037,0.34227,2.159
1,259,1466,0,0,0.046385,0.38131,147.03,102.55,1.0703,0,0.010232,2.3656,0.39427,0.13506,0,0.34106,0,0.1105,2.0198,0.042974,0.066849,0.047749,0,0.27967,0,0,0.025921,0.87381,0,0,0.069577,0.072306,0.047749,0.73329,0.0040928,0.07708,0,0,0.0013643,0.23874,0.40109,0.023192,0.28649,0.88813,2.2585
1,260,704,0,0,0.038352,0.34091,118.26,104.84,0.80824,0,0,2.3338,0.38068,0,0,0.34943,0,0.12216,1.767,0,0,0,0,0.21449,0,0,0.026989,0.96307,0,0,0.055398,0.083807,0,0.84091,0.0014205,0.065341,0,0,0,0.24716,0.40625,0,0.23864,0.93608,2.0142
1,261,695,0,0,0.033094,0.094964,76.776,77.555,0.033094,0,0.0028777,1.7899,0.26187,0,0,0.27482,0,0.11655,1.9856,0,0,0,0,0.15971,0,0,0.014388,0.71223,0,0,0,0.047482,0,0.58273,0,0.057554,0,0,0,0,0.08777,0,0.092086,0.46475,1.9856
1,262,515,0,0,0.036893,0.28738,133.31,93.309,0.64466,0,0,1.8796,0.27961,0,0,0.2233,0,0.093204,1.9243,0,0,0,0,0.20971,0,0,0.021359,0.77864,0,0,0,0.050485,0.01165,0.68738,0,0.058252,0,0,0,0.013592,0,0,0.20971,0.81942,1.9379
1,263,738,0,0,0.02981,0.10569,74.626,76.566,0.093496,0,0,2.5732,0.36314,0.14905,0,0.33198,0,0.12466,1.8008,0.02981,0.069106,0,0,0.19377,0,0,0.023035,0.92005,0,0,0,0.055556,0.0081301,0.79539,0,0.062331,0,0,0,0.096206,0,0,0.084011,0.49729,1.897
1,264,991,0,0,0.048436,0.29869,113.29,100.22,1.2462,0,0,2.0555,0.38547,0.14531,0,0.36932,0.025227,0.14934,1.8345,0.052472,0.017154,0.0070636,0,0.24016,0,0,0.0222,1.116,0,0,0.043391,0.064581,0.0020182,0.77094,0.023209,0.069627,0,0,0,0.031282,0.28153,0.017154,0.28153,0.96266,1.8658
1,265,2167,0,0,0.051684,0.32072,149.58,104.92,1.1384,0,0.0073835,1.9446,0.41947,0.29857,0,0.27457,0.064605,0.075219,2.239,0.78403,0.086756,0.087217,0,0.22104,0.0087679,0.0064605,0.021689,0.71481,0,0,0.051684,0.05676,0.029072,0.54269,0.024458,0.076604,0.011075,0,0,0.0032303,0.6216,0.03784,0.38902,1.1407,2.2423
1,266,1347,0,0,0.043801,0.29473,104.33,100.05,2.1863,0.040089,0,1.7758,0.35635,0.080921,0,0.32814,0.017075,0.11359,1.804,0.019302,0.021529,0.012621,0,0.17149,0,0,0.025241,0.77134,0,0,0.064588,0.0683,0.0081663,0.53081,0.0022272,0.066073,0,0,0,0.10542,1.703,0.048255,0.24647,0.93244,1.9094
1,267,1178,0,0,0.032258,0.15195,58.83,54.898,0.012733,0,0,0.618,0.17148,0,0,0.15365,0,0.024618,2,0,0,0.11121,0,0.71732,0.035654,0,0.11885,0.2725,0.21392,0,0,0.025467,0.0008489,0.25467,0,0.033956,0.13582,0.029711,0.023769,0.0016978,0,0,0.10611,0.39813,2.0017
1,268,2227,0,0,0.091603,0.29771,149.36,100.4,0.33408,0,0,1.6664,0.29951,0,0,0.2573,0,0.076336,2.0018,0,0.0071846,0,0,0.21554,0,0,0.016614,0.64885,0,0,0.030085,0.047598,0.0058374,0.55141,0,0.059722,0,0,0.0026942,0.15986,0.062416,0,0.75573,1.0018,2.1617
1,269,531,0,0,0.060264,0.29944,131.21,99.392,1.0659,0,0,1.7684,0.31262,0.056497,0,0.25612,0,0.14124,1.8757,0,0.016949,0.050847,0,0.22976,0,0,0.016949,1.2147,0,0,0.0094162,0.06968,0.016949,1.0339,0,0.097928,0,0,0,0.030132,0.12806,0,0.19962,0.87006,1.9058
1,270,1177,0,0,0.040782,0.1181,76.162,81.957,0.35599,0,0.00084962,2.045,0.35514,0.017842,0,0.29737,0,0.08921,1.966,0,0,0,0,0.14613,0,0,0.017842,0.69669,0,0,0.067969,0.04503,0,0.5633,0.015293,0.058624,0,0,0,0,0.047579,0,0.061172,0.35089,1.966
1,271,511,0,0,0.048924,0.12916,76.012,68.247,0.33072,0,0,0.86106,0.21918,0,0,0.1546,0,0.017613,2.0568,0,0,0.19374,0,0.33855,0.021526,0.0097847,0.039139,0.27397,0.13894,0,0,0.02544,0,0.26223,0,0.041096,0.037182,0.0097847,0.021526,0.086106,0.04501,0,0.091977,0.49902,2.1429
1,272,2809,0,0,0.035244,0.11499,75.937,78.883,0.10609,0,0.002848,2.0242,0.30438,0.061232,0,0.31399,0,0.099324,2.0698,0.01068,0.02492,0,0,0.15166,0,0,0.015664,0.80847,0,0,0.00534,0.049128,0.014596,0.6796,0,0.054112,0,0,0,0.003916,0.16305,0,0.076184,0.49875,2.0737
1,273,563,0,0,0.05151,0.36767,149.67,103.43,1.3002,0,0.031972,2.6234,0.38011,0.021314,0,0.33037,0.015986,0.14387,1.9201,0,0,0,0,0.26465,0,0,0.028419,0.97158,0,0,0.023091,0.058615,0,0.93428,0.040853,0.08881,0,0,0,0,0.5524,0,0.31972,0.93961,1.9201
1,274,564,0,0,0.13121,0.26241,145.85,94.202,0.6844,0,0,1.9167,0.28546,0,0,0.29255,0,0.097518,2.234,0,0.047872,0,0,0.19681,0,0,0.021277,0.58865,0,0,0.010638,0.042553,0.028369,0.64184,0,0.072695,0,0,0,0,0,0,0.45745,0.97695,2.234
1,275,1572,0,0,0.06743,0.33333,123.71,105.73,0.97201,0,0,2.0267,0.34478,0.021628,0,0.28626,0,0.10496,2.236,0.029898,0.045165,0,0,0.17557,0,0,0.019084,0.93957,0,0,0.028626,0.064885,0.033715,0.80598,0.0050891,0.076336,0,0,0,0.03117,0.54071,0.0012723,0.30025,1.0534,2.2672
1,276,1909,0,0,0.048193,0.14144,84.529,74.111,0.13829,0.033002,0,1.8544,0.26506,0.095862,0,0.27658,0,0.091671,2.1723,0.049764,0.011524,0.055526,0,0.15872,0,0,0.012048,0.81666,0.029859,0,0,0.055526,0.0036668,0.61917,0,0.066527,0,0,0,0.0057622,0.071765,0,0.17706,0.70665,2.1781
1,277,1075,0,0,0.036279,0.10233,75.815,79.238,0.15349,0,0.0037209,2.1088,0.30512,0.12837,0,0.31628,0,0.12186,2.3386,0.08186,0.030698,0.03907,0,0.15907,0,0,0.016744,1.0484,0,0,0.018605,0.058605,0.019535,0.78605,0.0093023,0.067907,0,0,0,0.022326,0.07907,0,0.058605,0.4214,2.3609
1,278,818,0,0,0.047677,0.26773,137.76,95.083,0.30807,0,0,2.033,0.36064,0.12836,0,0.27873,0,0.096577,2.0183,0,0.025672,0,0,0.2555,0,0,0.017115,0.74939,0,0,0,0.066015,0,0.60513,0,0.061125,0,0,0,0.20782,0.037897,0.02445,0.27995,0.96088,2.2262
1,279,764,0,0,0.045812,0.34424,121.38,101.62,1.0955,0,0,2.411,0.41623,0.28665,0,0.36911,0.017016,0.15445,1.6165,0.044503,0.069372,0.018325,0,0.24346,0,0,0.015707,1.1479,0,0,0.0026178,0.081152,0.019634,0.94372,0,0.087696,0,0,0.010471,0.43979,0.41361,0,0.25916,1.034,2.0563
1,280,508,0,0,0.072835,0.26575,145.09,98.232,1.2244,0,0,1.2894,0.25787,0,0,0.24409,0,0.070866,1.8976,0,0,0,0,0.18701,0,0,0.0098425,0.56496,0,0,0.055118,0.055118,0,0.49213,0.0019685,0.041339,0,0,0,0.088583,0.37402,0,0.19685,0.84252,1.9862
1,281,1734,0,0,0.04729,0.35006,150.78,105.84,1.425,0,0.0051903,2.3818,0.3391,0.025952,0,0.31776,0,0.12226,1.842,0,0.040946,0.033449,0,0.25144,0,0.0080738,0.023068,0.87313,0,0,0.010957,0.05248,0.017301,0.72318,0.0023068,0.083622,0,0,0,0.10208,0.19896,0,0.28835,0.9677,1.9441
1,282,510,0,0,0.056863,0.30588,148.61,102.6,0.66275,0,0.0098039,1.8667,0.37451,0.064706,0,0.24706,0,0.12745,2.1549,0,0.027451,0,0,0.2451,0,0,0.019608,0.83529,0,0,0.043137,0.062745,0.029412,0.72549,0,0.088235,0,0.0039216,0,0,0.38431,0,0.4,1.0078,2.1549
1,283,860,0,0,0.037209,0.30349,105.7,102.88,3.5291,0.073256,0,1.6198,0.35349,0.2186,0,0.29767,0,0.074419,1.8779,0.063953,0.038372,0.093023,0,0.16977,0.016279,0,0.025581,0.59535,0,0,0.043023,0.066279,0.0093023,0.40349,0,0.065116,0,0,0,0.41047,1.9593,0.097674,0.25233,1.0267,2.2884
1,284,1295,0,0,0.058687,0.28263,144.23,100.08,0.96448,0.089575,0.013127,1.8193,0.43089,0.2139,0,0.2834,0.033977,0.086486,1.9097,0.65251,0.044788,0.055598,0,0.19846,0.007722,0,0.028571,0.62934,0,0,0.048649,0.054826,0.003861,0.45174,0.019305,0.074131,0,0,0,0.015444,0.80386,0.026255,0.3529,1.071,1.9251
1,285,555,0,0,0.043243,0.14955,82.324,78.214,0.084685,0,0,2.0559,0.32432,0,0,0.30811,0,0.086486,2.218,0,0,0,0,0.15495,0,0,0.014414,0.66306,0,0,0,0.045045,0,0.52613,0,0.054054,0,0,0,0.030631,0.13333,0,0.15135,0.64865,2.2486
1,286,846,0,0,0.040189,0.11584,76.663,79.917,0.3747,0,0.0035461,1.9374,0.3026,0,0.020095,0.24468,0,0.10402,2.1005,0,0,0,0,0.13002,0,0,0.015366,0.75059,0,0,0.041371,0.056738,0.01182,0.62648,0,0.049645,0,0,0,0,0,0,0.11229,0.54374,2.1005
1,287,22206,0,0,0.059939,0.18337,93.563,84.615,0.70832,0.22147,0.0015311,1.3947,0.28204,0.058453,0,0.22962,0,0.079573,2.9859,0.017563,0.025624,0,0,0.12231,0,0.00067549,0.017743,0.49824,0,0,0.01387,0.043457,0.009637,0.46087,0.0019814,0.055616,0,0,9.0066e-05,0.019454,0.47798,0.018599,0.61285,1.005,3.0054
1,288,815,0,0,0.042945,0.30429,111.96,104.4,1.6049,0,0,1.5963,0.37546,0.095706,0,0.27853,0,0.12515,1.9264,0.088344,0.01227,0.039264,0,0.2135,0,0.014724,0.026994,0.8319,0,0,0.02454,0.072393,0.006135,0.69939,0,0.080982,0,0,0,0.028221,0.29939,0,0.29693,1.0356,1.9546
1,289,833,0,0,0.021609,0.15486,76.766,78.412,0.13565,0,0.0084034,2.1176,0.33493,0,0,0.34094,0.0096038,0.12725,1.9232,0,0.013205,0,0,0.13445,0,0,0.021609,0.88475,0,0,0,0.066026,0,0.69748,0,0.042017,0,0,0,0.046819,0.15966,0,0.058824,0.39136,1.97
1,290,5510,0,0,0.035935,0.13031,77.056,80.394,0.21107,0,0.00090744,1.8904,0.30653,0.045009,0,0.29691,0,0.095463,3.0786,0.14102,0.036661,0.044283,0,0.15771,0,0,0.020508,0.81706,0,0.0014519,0.0049002,0.055172,0.0065336,0.64138,0.0059891,0.056443,0,0,0,0.010345,0.037931,0.013249,0.057713,0.42613,3.0889
1,291,891,0,0,0.053872,0.29405,114.15,101.4,1.6633,0,0,1.9899,0.3569,0.010101,0,0.31201,0.021324,0.13244,2.0157,0,0.070707,0,0,0.28171,0,0,0.026936,0.94164,0,0,0.08193,0.05275,0.025814,0.78114,0,0.059484,0,0,0,0.077441,0.29854,0,0.25926,1.0561,2.0932
1,292,890,0,0,0.050562,0.36517,152.52,107.2,1.891,0,0.0067416,2.6056,0.3573,0.094382,0,0.29326,0.014607,0.12472,1.9753,0.11461,0.058427,0,0,0.26067,0,0,0.01573,0.91236,0,0,0.0078652,0.058427,0.016854,0.7,0.0067416,0.079775,0,0,0,0.076404,0.42472,0,0.32809,0.99888,2.0517
1,293,9391,0,0,0.049303,0.31307,142.22,100.03,1.5769,0,0.0069215,1.9909,0.35247,0.070067,0,0.2759,0.0077734,0.09935,2.4362,0.068363,0.027367,0.1001,0.00021297,0.75487,0.030987,0.06059,0.12012,0.78405,0.16942,0.0083058,0.028751,0.059312,0.035992,0.65488,0.011287,0.083058,0.10766,0.04089,0.033436,0.038548,0.26973,0,0.2364,0.82324,2.4747
1,294,1776,0,0,0.061374,0.31588,151.38,103.89,0.66723,0,0,2.1655,0.34854,0,0,0.31363,0.013514,0.1295,2.1357,0.0095721,0,0,0,0.26126,0,0,0.01295,0.90766,0,0,0.019707,0.064189,0.018581,0.69426,0.013514,0.076577,0,0,0,0.0078829,0.069257,0,0.42286,1.1306,2.1436
1,295,568,0,0,0.035211,0.16725,84.026,81.553,0.38204,0,0,1.7324,0.25176,0.0088028,0,0.29401,0,0.12852,2.1426,0,0,0,0,0.17782,0,0,0.014085,0.71831,0,0,0,0.035211,0,0.63556,0,0.042254,0,0,0,0,0.44014,0,0.15141,0.66901,2.1426
1,296,924,0,0,0.057359,0.34632,118.26,104.44,1.1818,0,0,1.8452,0.36255,0.074675,0,0.34524,0.037879,0.11797,1.9481,0,0.019481,0,0,0.2381,0,0,0.019481,0.96429,0.020563,0,0.031385,0.059524,0.037879,0.85498,0.004329,0.079004,0,0,0,0.035714,0.14069,0,0.34957,1.1061,1.9838
1,297,1020,0,0,0.071569,0.3549,156.59,107.8,1.2853,0,0.0068627,2.3637,0.35294,0.034314,0,0.27745,0,0.10686,1.948,0,0.02451,0.0088235,0,0.21961,0,0,0.015686,0.8049,0,0,0.011765,0.061765,0.02451,0.71471,0.0068627,0.078431,0,0,0,0,0.046078,0,0.43824,1.2137,1.948
1,298,628,0,0,0.078025,0.30414,154.78,107.22,1.0701,0,0.014331,2.6401,0.3121,0.050955,0,0.28981,0,0.08121,2.0016,0,0.011146,0,0,0.24522,0,0,0.02707,0.7707,0,0,0.015924,0.049363,0,0.60987,0,0.078025,0,0,0,0,0,0,0.38535,1.172,2.0016
1,299,656,0,0,0.047256,0.30183,108.08,103.58,1.061,0,0,1.939,0.28354,0.057927,0,0.33689,0,0.12957,1.846,0.1189,0.0091463,0.0060976,0,0.18293,0,0,0.02439,0.95122,0,0,0.10823,0.0625,0,0.80335,0,0.064024,0,0,0,0,0.36128,0.021341,0.23933,0.95427,1.846
1,300,1263,0,0,0.057799,0.32858,151.46,102.83,0.98496,0,0.011085,2.6081,0.44893,0,0,0.30562,0,0.11085,1.8979,0,0.030087,0,0,0.24941,0.0047506,0,0.019794,0.87332,0,0,0.019002,0.054632,0.0031671,0.72842,0,0.068092,0,0,0,0.083927,0.09422,0,0.35234,1.0586,1.9818
1,301,777,0,0,0.060489,0.3269,157.19,109.43,1.0721,0,0.003861,2.1506,0.34878,0,0,0.29601,0,0.10039,2.0309,0,0,0,0,0.24839,0,0,0.024453,0.76705,0,0,0.001287,0.060489,0.005148,0.79408,0.005148,0.073359,0,0,0,0,0.2381,0,0.36551,1.1712,2.0309
1,302,537,0,0,0.27374,0.35009,163.72,109.47,1.2514,0,0,3.0093,0.32402,0,0,0.3203,0,0.074488,1.8678,0,0.022346,0,0,0.25512,0,0,0.014898,0.75047,0,0,0,0.067039,0,0.69274,0,0.068901,0,0,0,0,0,0,0.87709,1.0689,1.8678
1,303,846,0,0,0.078014,0.30496,153.63,103.47,1.4125,0,0.010638,2.4835,0.3948,0.048463,0,0.26359,0,0.10402,2.052,0,0.026005,0,0,0.22695,0,0,0.014184,0.85106,0,0,0.024823,0.043735,0.0047281,0.73522,0,0.054374,0,0.027187,0,0.079196,0.10284,0,0.43262,1.1194,2.1312
1,304,702,0,0,0.055556,0.31197,150.21,98.91,0.48433,0,0,2.2165,0.37464,0,0,0.24217,0,0.08547,2.433,0,0.042735,0,0,0.25499,0,0,0.01567,0.7151,0,0,0.019943,0.051282,0,0.6339,0,0.084046,0,0,0,0.12536,0.17521,0,0.38746,1.0242,2.5584
1,305,24445,0,0,0.049417,0.32113,115.93,104.97,1.7263,0.085621,0.00089998,1.4791,0.31471,0.046144,0,0.26418,0.0079362,0.089753,2.5617,0.16142,0.038372,0.075926,0,0.28088,0.003559,0.015954,0.044467,0.69024,0.044181,0.032317,0.042749,0.058908,0.014809,0.56408,0.0079771,0.063121,0.006668,0.0042135,0.0025772,0.053222,0.39791,0.022949,0.30947,1.0974,2.6149
1,306,514,0,0,0.044747,0.3035,151.4,105.68,1.3366,0,0.0038911,2.6206,0.43385,0.035019,0,0.3677,0,0.079767,2.1498,0,0.048638,0,0,0.24125,0,0,0.019455,0.80545,0,0,0.0077821,0.075875,0.031128,0.69261,0,0.09144,0,0,0,0.033074,0.44747,0,0.26265,0.92412,2.1829
1,307,654,0,0,0.074924,0.33945,157.14,106.83,1.1437,0,0.029052,2.3272,0.34404,0.0045872,0,0.33333,0.025994,0.1055,1.9587,0.039755,0.047401,0,0,0.26911,0,0,0.01682,0.85933,0,0,0.0091743,0.074924,0.0030581,0.73853,0.027523,0.068807,0,0,0,0,0.1055,0,0.42966,1.1743,1.9587
1,308,1936,0,0,0.067149,0.31612,156.19,106.7,2.4127,0.20196,0.009814,1.9313,0.33006,0.036674,0,0.29029,0,0.082128,2.5878,0,0.032025,0,0,0.2593,0,0,0.023244,0.63017,0,0,0.047521,0.051136,0.03564,0.47107,0,0.063017,0,0,0.0010331,0.11415,0.35331,0.038223,0.42407,1.1958,2.702
1,309,2853,0,0,0.046968,0.136,79.211,81.94,0.56607,0.1395,0.001402,1.7497,0.29197,0.00035051,0,0.27375,0,0.093235,2.5689,0.087978,0.024886,0,0,0.15843,0,0,0.01402,0.73467,0,0,0.0091132,0.050123,0.012268,0.52401,0.011216,0.052576,0,0,0,0.056782,0.19909,0.012618,0.063792,0.42867,2.6257
1,310,1478,0,0,0.062923,0.15359,92.018,79.789,0.35589,0,0,1.8383,0.29161,0.0047361,0,0.25643,0,0.094046,2.1793,0.018268,0,0,0,0.14141,0,0,0.018945,0.75846,0,0,0.035859,0.063599,0.018945,0.64276,0.0033829,0.063599,0,0,0,0.021651,0.097429,0,0.22124,0.77808,2.2009
1,311,1700,0,0,0.039412,0.26765,106.08,99.414,0.95412,0,0,1.7,0.34176,0.064118,0,0.31471,0.0076471,0.11235,1.7706,0.087647,0.032941,0.011765,0,0.21529,0,0.0017647,0.020588,0.84471,0,0.015882,0.021765,0.068235,0.031176,0.64529,0.0094118,0.062941,0,0,0,0.12,0.25118,0.0017647,0.23176,0.97471,1.8906
1,312,1523,0,0,0.055811,0.3434,125.11,106.36,0.97308,0,0,2.1287,0.34668,0.006566,0,0.31582,0,0.14773,2.0335,0.040709,0.051215,0.013789,0,0.25148,0,0,0.026921,1.0079,0,0,0.072226,0.082075,0.015758,0.86343,0.019041,0.070913,0,0,0,0,0.28956,0.0059094,0.3585,1.1543,2.0335
1,313,17460,0,0,0.043414,0.1449,82.004,85.313,0.23929,0.13247,0.00091638,1.8553,0.30745,0.11014,0,0.2854,0.0026346,0.1008,4.0351,0.068041,0.054009,0.0070447,0,0.13706,0,0,0.017239,0.748,0,0.0126,0.011455,0.056529,0.022509,0.61357,0.0030928,0.054353,0,0,0.00028637,0.036025,0.29639,0.014834,0.079725,0.48351,4.0711
1,314,561,0,0,0.069519,0.3369,161.03,112.25,1.1034,0,0.0053476,2.1426,0.28164,0,0,0.2852,0,0.10517,1.861,0,0,0,0,0.2139,0,0,0.026738,0.83066,0,0,0.0053476,0.049911,0,0.6934,0,0.060606,0,0,0,0,0.32264,0,0.42424,1.2709,1.861
1,315,729,0,0,0.072702,0.32099,126.53,107.47,0.68999,0,0,2.1783,0.29767,0.02332,0,0.31276,0.0096022,0.096022,1.9122,0,0.065844,0,0,0.27709,0,0,0.019204,0.78738,0,0,0.052126,0.052126,0,0.68038,0.012346,0.072702,0,0,0,0,0.17695,0,0.39095,1.2812,1.9122
1,316,6412,0,0,0.041485,0.30864,110.06,100.73,1.2038,0,0.00062383,1.4501,0.30521,0.053649,0.00031192,0.24922,0.00733,0.081722,2.3408,0.024641,0.041641,0.11884,0,0.44495,0.012789,0.059888,0.074548,0.64099,0.1714,0.011385,0.067842,0.054117,0.019183,0.52417,0.0062383,0.06753,0.11042,0.011385,0.0051466,0.12882,0.21709,0.012477,0.7748,1.2768,2.4696
1,317,604,0,0,0.059603,0.13742,89.619,86.551,0.11921,0.02649,0,1.6705,0.22517,0,0,0.25,0,0.072848,2.4189,0,0,0,0,0.13079,0,0,0.018212,0.48841,0,0,0.0016556,0.028146,0,0.40894,0,0.049669,0,0,0,0.044702,0.089404,0,0.20199,0.71358,2.4636
1,318,1187,0,0,0.074979,0.17776,89.58,73.505,0.22409,0,0,1.3008,0.28054,0.055602,0,0.20893,0,0.060657,2.6394,0,0.038753,0.14912,0,0.4305,0.022746,0.047178,0.09604,0.56024,0.1112,0,0,0.037068,0,0.44482,0,0.050548,0.25611,0.026116,0.0050548,0.20135,0.32519,0,0.18197,0.71356,2.8408
1,319,564,0,0,0.053191,0.36525,160.2,108.78,1.1738,0,0.0035461,2.2074,0.34397,0,0,0.24645,0,0.13298,1.8262,0,0,0.0070922,0,0.23759,0,0,0.030142,0.78369,0,0,0.010638,0.042553,0.031915,0.78014,0.015957,0.079787,0,0,0,0.04078,0.12234,0,0.32447,1.0337,1.867
1,320,5875,0,0,0.044936,0.2926,106.82,95.718,1.7976,0.1966,0.0013617,1.993,0.33174,0.046128,0,0.30128,0.0071489,0.12238,2.32,0.016511,0.043745,0.092255,0.00085106,0.25106,0.0018723,0.0018723,0.026383,0.96834,0.014128,0.0018723,0.027915,0.067745,0.014638,0.72664,0,0.069106,0,0,0,0.058723,0.33226,0.010383,0.22349,0.91455,2.3787
1,321,2368,0,0,0.063345,0.38091,161.57,110.54,1.3628,0,0.016047,2.2128,0.33108,0.026605,0,0.26858,0,0.1098,1.9143,0.0054899,0.044764,0.0067568,0,0.19679,0,0.0025338,0.022382,0.81715,0,0,0.0012669,0.056166,0.020693,0.75169,0.016047,0.07348,0,0,0,0.12711,0.28463,0,0.3201,1.0262,2.0414
1,322,586,0,0,0.037543,0.29693,139.71,101.06,1.2935,0,0,1.9232,0.39078,0,0,0.29863,0,0.13993,2.198,0.017065,0.023891,0.023891,0,0.20478,0,0,0.023891,1.0256,0,0.020478,0.069966,0.069966,0.0017065,0.82935,0.020478,0.093857,0,0,0,0.11433,0.42833,0,0.27133,1.0273,2.3123
1,323,3993,0,0,0.05159,0.17556,89.033,83.984,0.41247,0,0,1.9479,0.30929,0.26471,0,0.28375,0,0.075883,2.9224,0.284,0.052592,0.027548,0,0.1713,0,0.008014,0.023792,0.66466,0,0.023541,0.017531,0.048835,0.008014,0.52918,0.011771,0.05735,0,0,0,0.064363,0.3719,0.030303,0.21463,0.84247,2.9867
1,324,3618,0,0,0.087894,0.32117,159.07,106.69,5.0345,0.073521,0.0016584,1.6523,0.34273,0.1089,0,0.25041,0.0058043,0.065506,2.2125,0.41045,0.042012,0.08126,0,0.19956,0,0.018795,0.02377,0.47485,0.039248,0.010503,0.047264,0.052515,0.0088447,0.42427,0.0096739,0.074074,0,0,0,0.16998,0.49033,0.026258,0.38143,1.0757,2.3825
1,325,691,0,0,0.043415,0.30246,129.58,104.17,0.52677,0,0,1.9624,0.32127,0.044863,0,0.34588,0,0.1013,2.2692,0,0.014472,0.014472,0,0.25181,0,0,0.023155,0.8987,0,0,0.065123,0.060781,0.024602,0.78003,0.026049,0.088278,0,0,0,0,0.12301,0,0.411,1.2127,2.2692
1,326,3053,0,0,0.057648,0.17491,87.64,78.07,0.15395,0,0,0.81788,0.22339,0.011137,0,0.17262,0,0.031772,2.0753,0.032755,0,0.16672,0,0.39731,0.0013102,0.071733,0.088765,0.23289,0.18768,0.0022928,0.020308,0.031444,0,0.25843,0,0.049787,0.023583,0.0013102,0,0,0.042909,0,0.19456,0.71602,2.0753
1,327,40164,0,0,0.084429,0.33523,163.14,109.29,2.5125,0.4699,0.0034359,1.4106,0.30047,0.035031,0.0015935,0.21089,0.011827,0.073449,3.0315,0.15412,0.040857,0.065805,0.00019918,0.25473,0.0026641,0.021188,0.047157,0.49746,0.12033,0.0071208,0.022632,0.047007,0.019196,0.46619,0.0054277,0.068992,0.040833,0.0022657,0.0013694,0.032193,0.50266,0.023578,0.34369,1.0621,3.0637
1,328,553,0,0,0.030741,0.32731,148.02,105.78,1.3942,0,0,2.4087,0.33273,0,0,0.31103,0.0018083,0.12116,2.3834,0.039783,0,0,0,0.24051,0,0,0.023508,0.94756,0,0,0.050633,0.072333,0.025316,0.85533,0.023508,0.077758,0,0,0,0,0.43219,0,0.24955,0.93309,2.3834
1,329,1602,0,0,0.069913,0.30087,128.28,102.97,0.64232,0,0.0012484,2.1017,0.3402,0,0,0.26592,0.014357,0.11361,1.912,0.0031211,0,0,0,0.23346,0,0,0.021223,0.90762,0,0.0074906,0.03995,0.06367,0.024969,0.79089,0.014357,0.070537,0,0,0,0,0.35518,0.00062422,0.3633,1.2185,1.912
1,330,813,0,0,0.066421,0.40098,164.11,113.1,1.6458,0,0.0061501,1.8155,0.3075,0.03321,0,0.246,0,0.072571,2.1624,0,0,0,0,0.21525,0,0,0.03075,0.60517,0,0,0.088561,0.03936,0.01722,0.52153,0,0.061501,0,0,0,0.092251,0.26568,0,0.37884,1.155,2.2546
1,331,567,0,0,0.067019,0.32451,150.25,103.55,1.2469,0,0.0017637,2.5273,0.37743,0.25044,0,0.31217,0,0.14286,2.4339,0,0.042328,0,0,0.32628,0,0,0.0194,1.1711,0,0,0.021164,0.063492,0.012346,1.0018,0.038801,0.084656,0,0,0.014109,0.079365,0.30864,0,0.26279,0.95591,2.5132
1,332,777,0,0,0.057915,0.30116,129.63,109.76,0.74389,0,0,2.0232,0.3462,0,0,0.27413,0,0.10811,1.9974,0,0.020592,0,0,0.21493,0,0,0.029601,0.83012,0,0,0.047619,0.06435,0.034749,0.75032,0.018018,0.056628,0,0,0,0.070785,0.17632,0.041184,0.38224,1.3127,2.0682
1,333,621,0,0,0.046699,0.2818,107.57,98.274,1.1079,0,0,1.7295,0.31562,0,0,0.34138,0,0.14332,1.9823,0,0.049919,0,0,0.23671,0,0,0.019324,0.85829,0,0,0.05314,0.067633,0,0.74879,0.011272,0.088567,0,0,0,0,0.17552,0.024155,0.28019,1.1353,1.9823
1,334,6198,0,0,0.042433,0.30962,115.99,100.64,1.0389,0,0.0020975,2.1847,0.35802,0.037915,0,0.30897,0.012746,0.11923,2.1262,0.012907,0.026783,0.005163,0,0.22201,0,0,0.017586,0.97467,0,0,0.0505,0.065989,0.010971,0.82043,0.0062924,0.071959,0,0.0079058,0,0.04211,0.3635,0.0088738,0.30978,1.1262,2.1683
1,335,928,0,0,0.044181,0.19181,91.061,87.481,0.13039,0,0.0032328,1.8772,0.31034,0.061422,0,0.30819,0,0.073276,2.2403,0,0.024784,0,0,0.15302,0,0,0.015086,0.64871,0,0,0.0075431,0.037716,0.018319,0.52802,0,0.060345,0,0,0,0.0053879,0.30065,0,0.22522,0.85129,2.2457
1,336,13300,0,0,0.056015,0.31263,127.22,105.67,0.82218,0,0.0029323,2.1047,0.3382,0.03015,0,0.29534,0.0011278,0.11135,1.9139,0.012105,0.021654,0.018496,0,0.24714,0.0018045,0,0.018722,0.91406,0.0018797,0,0.036917,0.065038,0.014135,0.76421,0.0025564,0.068647,0,0,0.00090226,0.054135,0.12429,0,0.38173,1.2578,1.968
1,337,2415,0,0,0.068323,0.294,128.36,104.73,0.58509,0,0.0016563,1.906,0.3234,0.03354,0,0.28903,0,0.10104,1.9855,0.043478,0.032712,0.018219,0,0.21656,0,0,0.017805,0.84803,0,0,0.022774,0.05176,0.0041408,0.63354,0,0.070807,0,0,0,0.16853,0.11843,0.0095238,0.36563,1.2406,2.154
1,338,1631,0,0,0.06683,0.32863,162.95,111.79,1.5389,0,0.0036787,2.1747,0.32557,0.14654,0,0.27223,0,0.10546,2.0337,0.13673,0.0374,0,0,0.22134,0,0,0.021459,0.87308,0,0,0.045984,0.059473,0.014102,0.7431,0.013489,0.078479,0,0,0,0.049663,0.21827,0.02759,0.35316,1.057,2.0834
1,339,1201,0,0,0.073272,0.29475,128.63,102.9,0.4846,0,0,2.0008,0.32223,0,0,0.2831,0,0.10575,2.0724,0,0.0033306,0,0,0.21565,0,0,0.016653,0.90758,0,0,0.022481,0.064946,0.02831,0.7602,0,0.061615,0,0,0.0016653,0.087427,0.15154,0,0.31557,1.1657,2.1599
1,340,1009,0,0,0.063429,0.28741,140.26,105.95,0.53915,0,0,1.6373,0.3112,0,0,0.22498,0,0.075322,2.0456,0,0.018831,0.0089197,0,0.14965,0,0,0.022795,0.75025,0,0,0.018831,0.051536,0.018831,0.67988,0,0.061447,0,0,0,0,0.1774,0,0.35084,1.1923,2.0456
1,341,8456,0,0,0.054872,0.32036,148.59,102.66,1.8877,0.00035478,0.0028382,1.5331,0.3122,0.041272,0,0.24693,0.0034295,0.088694,2.5266,0.44418,0.037133,0.10572,0.00011826,0.55617,0.020104,0.03536,0.079825,0.63706,0.12334,0.0010643,0.013955,0.05298,0.020695,0.51963,0.024243,0.075686,0.13576,0.021168,0.0136,0.028382,0.4197,0.044702,0.24669,0.91899,2.555
1,342,926,0,0,0.060475,0.30454,124.62,105.67,0.64147,0,0,2.1857,0.31857,0,0,0.31965,0.011879,0.10583,1.73,0,0,0,0,0.24082,0,0,0.020518,0.91253,0,0,0.0010799,0.052916,0.023758,0.78942,0,0.063715,0,0,0,0.12095,0.25162,0.0086393,0.39309,1.2073,1.851
1,343,3982,0,0,0.042692,0.28277,107.96,97.335,1.2343,0,0,1.9355,0.33576,0.054495,0,0.2785,0.00050226,0.10171,1.9716,0.033149,0.0095429,0.0055249,0,0.20291,0,0,0.018332,0.88649,0,0,0.047966,0.063536,0.011301,0.70844,0.0017579,0.063034,0,0,0,0.070065,0.30337,0.0032647,0.32195,1.1773,2.0417
1,344,1351,0,0,0.065137,0.32346,125.32,99.539,1.0585,0,0.014804,2.7283,0.3664,0.068098,0,0.32717,0,0.16432,1.7498,0.03701,0.010363,0.049593,0,0.23168,0,0,0.027387,1.1184,0,0,0.071058,0.083642,0.017765,0.91192,0.022206,0.079941,0,0,0.011843,0.088823,0.087343,0,0.3812,1.1843,1.8386
1,345,508,0,0,0.037402,0.33858,138.08,97.705,0.6811,0,0,1.7461,0.35039,0.13976,0,0.27953,0,0.12008,2.2854,0,0.096457,0.029528,0,0.20669,0,0,0.025591,0.84252,0,0,0.12795,0.062992,0.037402,0.80709,0,0.070866,0,0,0,0.064961,0.33465,0,0.20276,0.95866,2.3504
1,346,946,0,0,0.039112,0.34038,147.5,99.356,1.2474,0,0.0042283,1.9884,0.31184,0.0042283,0,0.26321,0,0.11311,2.2579,0.1649,0.030655,0.089852,0,0.29915,0,0.011628,0.029598,0.91543,0.13742,0,0.047569,0.049683,0.035941,0.71353,0.0021142,0.082452,0,0,0,0.080338,0.27801,0,0.23467,0.90381,2.3383
1,347,2567,0,0,0.044799,0.29879,115.21,95.712,1.2711,0,0,2.2306,0.34982,0.086482,0,0.32333,0.019478,0.11609,2.4694,0.17413,0.074016,0.054928,0,0.18699,0,0,0.022984,0.9143,0,0.0023374,0.068173,0.072458,0.021426,0.70199,0.0070121,0.068563,0,0,0.00038956,0.15115,0.73159,0.029607,0.30619,1.1227,2.6206
1,348,3840,0,0,0.048698,0.27344,106.67,95.742,0.94896,0,0.00078125,2.2258,0.33073,0.068229,0,0.30703,0.0044271,0.10677,2.7701,0.021615,0.05026,0.011198,0,0.21823,0,0,0.022656,0.8638,0,0,0.061458,0.06875,0.021875,0.71224,0.009375,0.077344,0,0,0.00078125,0.13385,0.52448,0.01276,0.25104,1.0305,2.9039
1,349,546,0,0,0.042125,0.15751,89.855,97.491,0.30037,0,0,2.0604,0.2619,0.069597,0,0.32784,0,0.10256,2.1154,0.095238,0.051282,0,0,0.16667,0,0,0.014652,0.66117,0,0,0,0.045788,0,0.53846,0,0.045788,0,0,0,0.043956,0,0,0.15751,0.78388,2.1593
1,350,514,0,0,0.038911,0.2821,140.43,100.14,0.87354,0,0,2.0914,0.3677,0.107,0,0.28599,0,0.12646,1.784,0,0.075875,0,0,0.26459,0,0,0.01751,0.9786,0,0,0.013619,0.050584,0,0.79961,0,0.066148,0,0,0,0.36381,0.044747,0,0.37938,1.2315,2.1479
1,351,2140,0,0,0.086916,0.26636,153.87,95.894,0.36542,0,0,1.6664,0.26308,0.00046729,0,0.26449,0,0.084112,1.9636,0,0,0,0,0.21028,0,0,0.019159,0.78458,0,0,0.0046729,0.046729,0,0.71028,0,0.060748,0,0,0,0.034579,0.069159,0,0.19112,0.88411,1.9981
1,352,734,0,0,0.054496,0.3406,151,102.63,0.59809,0,0,2.1185,0.36376,0.017711,0,0.28338,0,0.14986,2.2302,0.058583,0.021798,0,0,0.19755,0,0,0.021798,1,0,0,0.013624,0.070845,0,0.84196,0,0.089918,0,0,0,0.1267,0.14033,0,0.29837,1.0368,2.3569
1,353,3274,0,0,0.06292,0.29078,118.95,100.65,7.7251,0,0,1.7563,0.29505,0.039401,0,0.27306,0,0.095296,2.1203,0.040318,0.026573,0.013439,0.0027489,0.20281,0,0,0.018632,0.80483,0,0.0082468,0.034209,0.057117,0.012523,0.69701,0.0027489,0.055589,0,0,0,0.081246,0.26359,0.0079414,0.42089,1.2324,2.2016
1,354,2181,0,0,0.050436,0.27464,107.36,95.324,0.78083,0,0.00045851,1.9652,0.30261,0,0,0.28886,0.0059606,0.1105,2.1495,0,0.026593,0.0077946,0,0.21275,0,0,0.015131,0.87116,0,0,0.033929,0.064649,0.016506,0.75883,0.017423,0.0674,0,0,0,0.041724,0.35259,0,0.58643,1.6263,2.1912
1,355,1691,0,0,0.066233,0.30337,120.86,100.04,1.4116,0,0.0070964,2.055,0.36546,0,0.086931,0.2738,0,0.12123,2.1336,0.021881,0.023063,0,0,0.1709,0,0,0.041396,0.83028,0,0,0.040213,0.068007,0.0047309,0.72206,0,0.089888,0,0,0,0.087522,0.16795,0,0.31875,1.1532,2.2212
1,356,1407,0,0,0.049041,0.3511,141.92,98.354,0.57498,0,0.0028429,1.6127,0.29282,0.02914,0,0.29566,0,0.11158,1.8678,0,0,0.012793,0,0.21109,0,0,0.01919,0.80455,0,0,0.0085288,0.075338,0,0.72068,0,0.061123,0,0,0,0.088131,0.14428,0,0.2715,1.0412,1.9559
1,357,2033,0,0,0.061977,0.25726,105.37,91.295,0.36006,0,0,1.9646,0.31628,0.011805,0,0.28283,0,0.11313,2.1594,0.051156,0.037383,0,0,0.20856,0,0,0.024594,1.0162,0,0,0.033448,0.064437,0.022135,0.84407,0.011805,0.073291,0,0,0,0.12789,0.22184,0,0.42892,1.2691,2.2873
1,358,1930,0,0,0.05544,0.32073,149.77,101.01,0.69067,0,0,1.7497,0.30155,0.0031088,0,0.25751,0,0.11606,1.8394,0,0.035751,0,0,0.21399,0,0,0.017617,0.86528,0,0,0.012953,0.05544,0.0088083,0.74352,0,0.073575,0,0,0,0.15803,0.1114,0,0.40674,1.0917,1.9974
1,359,1300,0,0,0.087692,0.20308,97.432,87.328,0.34385,0,0,1.5108,0.22385,0,0,0.18923,0,0.062308,3.9308,0.18308,0.044615,0,0,0.12,0,0,0.0084615,0.54462,0,0,0,0.039231,0.00076923,0.47692,0,0.047692,0,0,0,0,0.10308,0.015385,0.38077,0.90692,3.9308
1,360,2206,0,0,0.095648,0.31097,124.69,97.919,1.1795,0.60063,0.0027199,1.0798,0.25929,0.005893,0,0.18812,0.0086129,0.076609,2.1419,0.11877,0.027652,0.14506,0,0.34451,0,0.014053,0.044878,0.61695,0.33545,0.016772,0.021306,0.049411,0,0.44606,0.0081596,0.059837,0.020399,0,0,0.11469,0.061197,0.017679,0.63327,1.2235,2.2566
1,361,736,0,0,0.072011,0.16984,92.205,84.844,0.20924,0,0,1.8451,0.25951,0.038043,0,0.23234,0,0.084239,1.9837,0,0,0,0,0.14266,0,0,0.016304,0.67255,0,0,0,0.048913,0,0.55027,0,0.043478,0,0,0,0.11277,0,0,0.45924,0.89674,2.0965
1,362,1230,0,0,0.07561,0.19756,96.627,86.197,0.06748,0,0,1.6707,0.24553,0,0,0.21382,0,0.12033,1.939,0,0,0,0,0.15366,0,0,0.017073,0.69837,0,0,0.00081301,0.045528,0,0.5935,0.0056911,0.060163,0,0,0,0.1187,0,0,0.44146,0.96667,2.0577
