point_id,obj_id,obj_size,C,Na,P,S,K,Ca,Fe,Histone H3,SMA,Total Tau,MAP2,Cathepsin D,Podoplanin,CD56,CD31,SV2A,GlnSyn,Iba1,HSP60,CollagenIV,Ki-67,Albumin,CD36,Endoglin_CD105,Amyloid A,VAMP2,GLUT1,vWF,MAG,VGLUT1,VGLUT2,Synaptophysin,CD45,PSD95,Fibrinogen,Gephyrin,CD44,GFAP,8OHG,HLA-DR,Ta,Au,Microglia2
1,1,32232,0,0,0.0439,0.1685,86.969,99.605,3.4207,0.067604,0.0034748,1.3235,0.40584,0.2729,0.0021407,0.28714,0.041325,0.1031,1.5566,1.019,0.069,0.074988,0.00018615,0.2307,0.0017684,0.004995,0.022897,0.69639,0.011976,0.0050571,0.06053,0.071234,0.019391,0.5394,0.02997,0.056993,0,0.0002482,0.00031025,0.07567,1.4309,0.13164,0.079238,0.3428,1.1807
1,2,742,0,0,0.076819,0.21024,120.97,83.07,1.5189,0,0,1.0216,0.30458,0,0,0.1779,0,0.053908,0.97844,0.80728,0,0,0,0.14825,0,0,0.012129,0.52695,0,0,0.020216,0.043127,0,0.34906,0,0.039084,0,0,0,0.030997,0.18059,0.020216,0.48652,0.71563,0.82749
1,3,3684,0,0,0.07139,0.27036,140.34,97.1,0.48534,0,0,1.3317,0.38219,0.2918,0,0.2576,0.010858,0.084691,0.4696,1.3116,0.012486,0.074104,0,0.1949,0,0,0.02253,0.71933,0,0,0.043974,0.059175,0.002443,0.48887,0.041802,0.057003,0,0,0,0,0.20087,0,0.21906,0.693,1.3534
1,4,600,0,0,0.041667,0.18333,92.657,93.372,0.355,0,0,1.6683,0.375,0,0,0.25833,0,0.096667,0.31667,0.74,0,0,0,0.21333,0,0,0.028333,0.74,0,0,0.03,0.048333,0,0.62333,0,0.07,0,0,0,0.01,0.0033333,0,0.11167,0.54667,0.74
1,5,1217,0,0,0.04848,0.21118,96.043,95.067,0.54396,0,0,1.6056,0.26787,0,0,0.235,0.01479,0.098603,0.67872,0.74117,0,0,0,0.22021,0,0,0.016434,0.79293,0,0,0.020542,0.052588,0.0057518,0.69104,0,0.04355,0,0,0,0,0.25226,0.012325,0.1553,0.5645,0.75349
1,6,970,0,0,0.069072,0.33196,147.75,104.73,0.31546,0,0,1.0763,0.36495,0.12887,0,0.22784,0.027835,0.052577,0.70928,0.85876,0.030928,0.013402,0,0.22371,0,0,0.031959,0.75773,0,0,0.030928,0.050515,0,0.40309,0,0.046392,0.0030928,0,0,0.035052,0.31134,0,0.25258,0.79175,0.85876
1,7,1048,0,0,0.057252,0.18416,98.291,93.131,0.93321,0,0,1.5172,0.28244,0,0,0.25668,0,0.125,0.40649,0.80725,0,0,0,0.2624,0,0,0.017176,0.92271,0,0,0.0085878,0.066794,0,0.7624,0.017176,0.060115,0,0,0,0.004771,0.15363,0.07729,0.12691,0.57634,0.90172
1,8,1704,0,0,0.053991,0.25411,99.853,97.467,0.10915,0,0,1.1631,0.24472,0,0,0.23298,0,0.086854,0.41138,0.89671,0,0,0,0.28169,0,0,0.015845,0.86913,0,0,0.028756,0.055751,0,0.70423,0.008216,0.049296,0,0,0,0.026408,0.098005,0.071009,0.18251,0.74531,0.97594
1,9,1614,0,0,0.051425,0.25217,103.81,95.108,0.074969,0,0,1.0105,0.27819,0,0,0.22181,0,0.084263,0.61834,0.68401,0,0,0,0.2404,0,0,0.01425,0.70694,0,0,0,0.055143,0,0.61772,0,0.045849,0,0,0,0.037794,0.039653,0.11276,0.1772,0.69207,0.79678
1,10,1127,0,0,0.043478,0.21917,97.989,95.177,0.60248,0,0,1.4579,0.29281,0,0,0.29193,0,0.11979,0.84028,0.67613,0,0,0,0.2236,0,0,0.023957,0.85093,0,0,0,0.056788,0,0.81366,0.014197,0.055901,0,0,0,0.0044366,0.34605,0.03638,0.19787,0.63886,0.72671
1,11,2130,0,0,0.046948,0.14272,83.34,94.168,2.7441,0.14883,0,1.2887,0.54319,0.52394,0,0.32676,0.11831,0.095305,1.2023,1.3315,0.10986,0.12864,0,0.19155,0.014085,0,0.030986,0.64366,0,0,0.096244,0.073709,0.030516,0.37746,0.035211,0.055399,0,0,0,0.12441,2.3789,0.16808,0.029108,0.24648,1.5347
1,12,3390,0,0,0.044248,0.16873,89.818,100.66,4.6065,0,0,1.7301,0.33599,0.10826,0,0.30708,0.010029,0.14395,0.84749,0.84395,0.018879,0,0,0.23451,0,0,0.022419,1.1121,0.039528,0,0.034218,0.071976,0.019469,0.93304,0.060472,0.063717,0,0,0,0.067257,0.49351,0.1115,0.058112,0.39823,1.0159
1,13,979,0,0,0.064351,0.34627,104.34,101.97,1.8825,0,0,1.4627,0.33197,0,0,0.29826,0,0.10521,0.72217,1.1655,0.030644,0,0,0.24311,0,0,0.022472,1.0644,0.032686,0,0,0.06333,0,0.87436,0.020429,0.060266,0,0,0,0.010215,0.21144,0.083759,0.23596,0.78754,1.2697
1,14,703,0,0,0.054054,0.35135,143.58,106.04,4.6799,0,0,1.5932,0.34851,0.048364,0,0.29161,0,0.12518,0.99289,0.97013,0.035562,0.058321,0,0.2845,0,0,0.027027,0.90612,0,0,0.051209,0.064011,0,0.7155,0.024182,0.069701,0,0,0,0,0.49075,0.065434,0.24751,0.80654,1.0597
1,15,1863,0,0,0.072464,0.27483,153.67,98.48,0.39345,0,0,1.2636,0.2496,0,0,0.219,0,0.083736,0.41868,0.88782,0,0,0,0.16425,0,0,0.014493,0.77939,0,0,0.0042941,0.050456,0,0.68438,0.019324,0.062802,0,0,0,0.0053677,0.090714,0,0.2598,0.83306,0.90714
1,16,567,0,0,0.017637,0.22046,92.321,96.469,0.5291,0,0,1.7072,0.29982,0,0,0.28219,0,0.12875,0.89947,0.7866,0.0017637,0,0,0.20282,0,0,0.017637,0.91358,0,0,0.03351,0.058201,0,0.76014,0.0088183,0.068783,0,0,0,0.054674,0.15697,0.067019,0.15344,0.56437,0.86243
1,17,622,0,0,0.041801,0.39389,141.41,106.82,1.4373,0,0,1.2347,0.35531,0,0,0.28778,0,0.10772,1.7347,0.9582,0,0,0,0.28939,0,0,0.012862,0.86495,0,0,0,0.093248,0.0032154,0.76206,0.024116,0.07074,0,0,0,0.054662,0,0.027331,0.2492,0.78939,1.0096
1,18,1195,0,0,0.051883,0.15983,87.751,92.305,0.56736,0.097908,0,1.2092,0.36402,0.14728,0,0.30377,0.064435,0.10962,2.6251,1.1774,0.081172,0.05272,0,0.44184,0.012552,0.0050209,0.060251,0.52385,0.047699,0.014226,0.11967,0.064435,0.017573,0.40418,0.022594,0.051883,0.046862,0,0.0041841,0.029289,1.1858,0.088703,0.076987,0.37238,1.2887
1,19,957,0,0,0.060606,0.19331,86.75,85.173,0.50366,0.35214,0,1.1055,0.42738,1.9425,0,0.24974,0.035528,0.11076,5.8527,0.49948,0.11181,0.16301,0,0.43992,0.027168,0.17137,0.085684,0.628,0.11285,0.065831,0.056426,0.13898,0.081505,0.63427,0,0.064786,0.039707,0.012539,0.0020899,0.29781,1.8757,0.15047,0.099269,0.39394,0.64995
1,20,4801,0,0,0.041241,0.19621,89.991,90.548,0.76213,0.09019,0,1.1845,0.26932,0,0,0.2612,0,0.089981,0.84441,0.92585,0.012081,0.033535,0,0.21558,0,0.014789,0.017288,0.78879,0.075401,0,0.035618,0.053739,0,0.60008,0.016247,0.052697,0.0047907,0,0,0.056863,0.16809,0.01833,0.13685,0.52968,0.96042
1,21,1006,0,0,0.058648,0.36183,105.35,99.753,1.168,0.0019881,0,1.003,0.45229,0.59742,0,0.27435,0.070577,0.078529,3.7286,0.96223,0.14215,0.13917,0,0.23459,0,0.028827,0.030815,0.57356,0.0089463,0.026839,0.077535,0.075547,0.05666,0.37674,0.020875,0.067594,0,0,0.00099404,0.13718,2.1581,0.089463,0.21769,0.78429,1.0726
1,22,980,0,0,0.042857,0.17551,87.782,99.246,0.84796,0,0,2.1735,0.34388,0.12755,0,0.48469,0.05102,0.11531,8.1551,0.40102,0.12245,0.17551,0.026531,2.2969,0.13673,0.081633,0.43878,2.0163,0.49388,0.14694,0.022449,0.14082,0.076531,0.62959,0.058163,0.11735,0.41939,0.095918,0.10306,0.82041,0.073469,0.1898,0.094898,0.33776,0.64898
1,23,13009,0,0,0.063879,0.33654,105,106.69,1.7011,0.076255,0,0.84073,0.44969,0.45023,0.0042278,0.22008,0.055884,0.061188,1.0445,1.1713,0.061035,0.080406,0,0.14021,0,0.013913,0.026136,0.34053,0,0.0079176,0.066723,0.060035,0.017911,0.2373,0.021524,0.059113,0,0,0.00015374,0.039588,1.7098,0.082635,0.21908,0.82428,1.2754
1,24,1792,0,0,0.05692,0.33371,100.41,103.94,1.3292,0,0,1.6094,0.33929,0.047433,0,0.30859,0,0.10658,0.90346,0.86049,0.0011161,0,0,0.24665,0,0,0.021205,1.0915,0.020089,0,0.011161,0.077567,0,0.77121,0.02567,0.071987,0,0,0.0011161,0.013393,0.13951,0.049665,0.18583,0.7221,0.93583
1,25,1151,0,0,0.044309,0.18679,89.501,99.858,10.018,0,0,1.5951,0.37272,0.016507,0,0.33536,0.0034752,0.10599,0.73675,0.67507,0.022589,0.00086881,0,0.26151,0,0,0.015639,1.0174,0,0,0.072111,0.088619,0.013032,0.82363,0.035621,0.061685,0,0,0,0.17202,0.33449,0.10165,0.048653,0.36316,0.81234
1,26,845,0,0,0.042604,0.18698,89.03,99.207,3.9148,0,0,2.368,0.38225,0.20355,0,0.4213,0,0.13254,0.67574,0.94911,0.048521,0.059172,0,0.30888,0,0,0.031953,1.3444,0.04142,0,0.024852,0.073373,0,1.1089,0.076923,0.072189,0,0,0,0.19645,0.46391,0.14675,0.059172,0.38343,1.1728
1,27,1855,0,0,0.043666,0.15741,89.926,106.48,2.6981,0,0,1.3515,0.36226,0.12453,0,0.29164,0,0.097574,0.37898,0.82857,0,0,0,0.34232,0.012399,0.019946,0.016712,0.66199,0,0,0.01186,0.071698,0.0010782,0.56873,0,0.0469,0,0,0,0.05283,1.614,0.10836,0.059838,0.41456,0.93693
1,28,2366,0,0,0.084954,0.21978,132.31,81.381,4.2967,0,0,0.78191,0.22612,0.086221,0,0.16526,0.009721,0.016484,2.724,0.97929,0.02874,0.084108,0,0.55621,0.021555,0.071851,0.11708,0.21471,0.22274,0,0.0038039,0.034658,0.0084531,0.26078,0.0054945,0.059172,0.048183,0.010989,0.0080304,0.001268,0.08918,0.033812,0.26712,0.67709,1.0186
1,29,862,0,0,0.055684,0.33411,105.18,97.759,0.41415,0,0,1.3074,0.41763,0.49304,0,0.2761,0.026682,0.10673,0.61137,1.0418,0.040603,0.14269,0,0.18213,0,0.030162,0.015081,0.76682,0,0,0.053364,0.063805,0.020882,0.60905,0,0.068445,0,0,0,0,0.4942,0.029002,0.28074,0.7645,1.0708
1,30,1126,0,0,0.044405,0.53108,164.74,127.32,1.0604,0,0,1.0524,0.26909,0,0,0.25666,0,0.084369,1.1323,0.82238,0,0,0,0.21137,0,0,0.021314,0.754,0,0,0.0062167,0.053286,0,0.61368,0.024867,0.064831,0,0,0,0.0053286,0.080817,0.039964,0.79751,1.7904,0.88721
1,31,2476,0,0,0.050485,0.17003,89.771,101.31,0.9794,0,0,1.3978,0.47052,0.32553,0,0.27262,0.048061,0.10622,0.52383,0.96042,0.042811,0.062601,0,0.16357,0,0,0.020194,0.64903,0,0,0.053716,0.076737,0.0044426,0.52868,0.023829,0.0521,0,0,0,0,2.3162,0.11551,0.076333,0.45679,1.0998
1,32,663,0,0,0.031674,0.19759,89.308,99.505,1.3937,0,0,1.8974,0.50528,0.26998,0,0.3273,0.087481,0.13273,0.53846,0.90045,0.031674,0.14027,0,0.19759,0,0,0.025641,0.76923,0,0,0.076923,0.06184,0.012066,0.67421,0.025641,0.072398,0,0,0,0,3.0045,0.15535,0.064857,0.45098,1.0814
1,33,535,0,0,0.059813,0.12897,81.619,93.469,0.34019,0,0,2.5252,0.35514,0.072897,0,0.45047,0,0.14953,1.2953,0.68037,0,0,0,0.3028,0,0,0.02243,1.3869,0.035514,0,0.076636,0.11028,0,1.0654,0.041121,0.074766,0,0,0,0.024299,0.13271,0.031776,0.018692,0.20561,0.75327
1,34,930,0,0,0.035484,0.17634,91.563,94.084,0.65914,0,0,1.7054,0.27419,0,0,0.26667,0,0.11505,0.35699,0.96559,0,0,0,0.21828,0,0,0.013978,0.92151,0,0,0.091398,0.066667,0,0.80215,0.058065,0.053763,0,0,0,0,0.091398,0.07957,0.16129,0.61935,1.1032
1,35,889,0,0,0.031496,0.16985,89.811,103.02,2.64,0,0,1.7255,0.35433,0.032621,0,0.29584,0,0.11024,0.79753,0.67042,0,0,0,0.2126,0,0,0.028121,1.1541,0.050619,0,0,0.068616,0.0044994,0.87964,0.046119,0.053993,0,0,0,0.033746,0.31496,0.026997,0.073116,0.45107,0.74353
1,36,574,0,0,0.057491,0.35714,101.85,108.29,1.5819,0.94774,0,1.0749,0.33798,0.223,0,0.26307,0.074913,0.083624,0,1.162,0.022648,0.04878,0,0.10976,0,0,0.029617,0.26132,0,0,0.16028,0.06446,0.010453,0.14983,0,0.060976,0,0,0,0,1.1132,0,0.16725,0.71777,1.162
1,37,2994,0,0,0.042418,0.20875,91.306,95.661,0.57916,0,0,1.4703,0.30628,0.018704,0,0.26854,0,0.12792,0.81563,0.85204,0.0167,0,0,0.19873,0,0,0.01837,0.94823,0,0,0.02505,0.069806,0.002672,0.85838,0.01837,0.060788,0,0,0,0.022378,0.12892,0.03674,0.15164,0.59051,0.90715
1,38,22114,0,0,0.05752,0.33825,108.52,104.57,0.7834,0.24261,0,1.1949,0.30786,0.01542,0,0.25464,0.0014923,0.1093,0.6854,1.1416,0.018631,0.0093606,0,0.20715,0,0,0.019671,0.81849,0.0042959,0,0.027403,0.057972,0.0019445,0.68052,0.025956,0.055757,0,0,0,0.026318,0.39871,0.13828,0.27914,0.93398,1.3058
1,39,3078,0,0,0.052956,0.42853,144.44,107.65,0.70208,0.0071475,0,1.2109,0.40968,0.38921,0,0.26121,0.050032,0.10071,3.3454,0.94867,0.076998,0.060104,0,0.2076,0.0045484,0.0048733,0.025341,0.49188,0,0.015919,0.11501,0.060429,0.033463,0.45906,0.039961,0.064977,0,0,0,0.020793,2.229,0.12768,0.25634,0.82814,1.1163
1,40,934,0,0,0.06424,0.42827,151.94,112.83,0.41542,0,0,1.4379,0.30728,0.013919,0,0.27409,0,0.13276,2.121,0.76017,0,0,0,0.22805,0,0,0.017131,0.8758,0,0,0.044968,0.062099,0.025696,0.79443,0.031049,0.078158,0,0,0,0.031049,0.7666,0.11884,0.29764,0.8833,0.91006
1,41,1427,0,0,0.049755,0.17379,84.96,96.663,0.51016,0.46181,0,1.0014,0.38823,0.59285,0,0.274,0,0.096706,5.3931,0.9096,0.14296,0.19622,0,0.26629,0,0.050456,0.030133,0.46181,0.185,0.0070077,0.082691,0.077085,0.088297,0.43588,0,0.060967,0,0,0,0.071479,1.4436,0.11493,0.02733,0.24877,1.0245
1,42,668,0,0,0.085329,0.15719,75.883,68.832,2.6931,1.1886,0,0.91168,0.35479,0,0,0.22455,0,0.086826,1.5913,1.012,0.10329,0.24551,0,0.19012,0,0.032934,0.028443,0.52844,0.15868,0.011976,0.047904,0.04491,0.002994,0.43862,0,0.043413,0.020958,0,0,0,0.30988,0,0.056886,0.25599,1.012
1,43,786,0,0,0.073791,0.36896,160.56,102.99,1.3384,0,0,2.0967,0.28753,0,0,0.22646,0,0.1056,0.57634,0.78244,0,0,0,0.20102,0,0,0.020356,0.83588,0,0,0.0025445,0.05598,0,0.70611,0.036896,0.064885,0,0,0,0.12723,0.17557,0.14631,0.40458,1.0013,0.96565
1,44,814,0,0,0.05774,0.43366,154.47,114.48,0.69902,0,0,1.7457,0.30344,0,0,0.29853,0.023342,0.11179,1.516,0.59705,0.025799,0,0,0.21744,0,0,0.020885,0.80713,0,0,0.039312,0.07371,0.020885,0.80098,0,0.063882,0,0,0,0,0.5086,0.063882,0.30221,0.9312,0.66093
1,45,508,0,0,0.041339,0.19488,86.472,103.3,0.34252,0,0,1.3071,0.35039,0,0,0.29528,0,0.12795,0.75984,0.64961,0,0,0,0.29921,0,0,0.021654,0.85236,0,0,0.017717,0.082677,0,0.69488,0.025591,0.057087,0,0,0,0.035433,0.38386,0,0.068898,0.34252,0.6752
1,46,1530,0,0,0.036601,0.18627,85.875,97.444,2.3752,0,0,1.4301,0.37059,0.1098,0,0.35817,0.019608,0.10196,2.2797,0.66732,0.087582,0.0045752,0,0.23399,0,0,0.023529,1.1484,0.00065359,0,0.031373,0.077778,0.034641,0.86405,0.010458,0.064052,0,0,0,0.26667,0.26209,0.069935,0.026144,0.28824,0.74771
1,47,667,0,0,0.08096,0.32534,163.54,106.34,2.1034,0,0,2.1454,0.31784,0,0,0.30585,0,0.083958,1.0945,0.91154,0.005997,0,0,0.23688,0,0,0.0089955,0.85307,0,0,0.0014993,0.061469,0,0.75562,0,0.05997,0,0,0,0,0,0.16342,0.37181,1.0765,1.075
1,48,1042,0,0,0.085413,0.34741,156.95,105.21,4.7159,0.36372,0,1.4424,0.30806,0.15451,0,0.20154,0,0.073896,1.1497,1.0307,0,0,0,0.14203,0,0,0.03263,0.53839,0,0,0.056622,0.044146,0.0019194,0.5096,0,0.053743,0,0,0,0,0.27831,0.015355,0.34165,0.96641,1.0461
1,49,700,0,0,0.072857,0.36,106.6,100.26,0.2,0.11286,0,0.91143,0.32571,0.23,0,0.23714,0,0.098571,5.31,0.55857,0.085714,0,0,0.23429,0,0,0.021429,0.54286,0,0.03,0.022857,0.067143,0.014286,0.48857,0.015714,0.064286,0,0,0,0.088571,1.1943,0.062857,0.29143,0.89,0.63714
1,50,1254,0,0,0.07496,0.32935,162.5,108.46,0.44019,0,0,1.6284,0.33971,0.019139,0,0.25837,0,0.083732,0.82935,0.71451,0.020734,0.022329,0,0.16746,0,0,0.020734,0.80383,0,0,0.035885,0.054226,0.0047847,0.6563,0.021531,0.059809,0,0,0,0.007177,0.097289,0,0.33094,0.94179,0.73604
1,51,716,0,0,0.037709,0.30168,105.65,98.996,0.50838,0,0,0.95112,0.31425,0.65782,0,0.29609,0,0.099162,5.183,0.68575,0.078212,0.050279,0,0.26397,0,0,0.02514,0.5852,0,0.01676,0.047486,0.081006,0.061453,0.4176,0,0.076816,0,0,0,0.064246,1.2039,0.13547,0.31145,0.93436,0.82123
1,52,3000,0,0,0.045,0.19333,94.167,90.408,0.272,0,0,1.6543,0.302,0.029,0,0.26933,0,0.10933,0.52167,0.90133,0.020667,0,0,0.21067,0,0,0.019667,0.91167,0.018333,0,0.025,0.064,0.001,0.76867,0.018667,0.054667,0,0,0,0,0.63333,0.042667,0.192,0.64567,0.96267
1,53,5070,0,0,0.043787,0.17278,87.358,102.84,1.0093,0,0,1.5065,0.31243,0.11026,0,0.31124,0.018343,0.10276,0.66765,0.82821,0.010651,0.021105,0,0.21381,0,0,0.021893,0.84892,0.0063116,0,0.033136,0.065483,0.0067061,0.68383,0.032939,0.059566,0,0,0,0.038462,0.57633,0.085799,0.07357,0.42032,0.94694
1,54,1281,0,0,0.046058,0.1413,84.489,98.182,0.5082,0,0,1.4473,0.32943,0.028884,0,0.28728,0,0.13037,1.256,0.84231,0.030445,0.022639,0,0.1975,0,0,0.018735,0.87276,0,0,0.046838,0.067135,0,0.74785,0.013271,0.046838,0,0,0,0.06089,0.83372,0.064793,0.078064,0.38564,0.92037
1,55,531,0,0,0.079096,0.17137,99.267,64.913,0.17137,0,0,1.7363,0.29567,0,0,0.2693,0,0.092279,1.0452,0.79284,0.035782,0.17326,0,0.26742,0,0.054614,0.067797,1.1262,0.094162,0.033898,0.14501,0.092279,0,0.53672,0.028249,0.045198,0.0018832,0,0.015066,0.018832,0.067797,0,0.11676,0.36535,0.82109
1,56,831,0,0,0.068592,0.31889,96.626,92.125,8.9904,0.90734,0,1.1179,0.32732,0.10349,0,0.23586,0.056558,0.073406,1.2226,1.0024,0.027677,0,0,0.11312,0,0.028881,0.016847,0.34657,0,0,0.15644,0.044525,0,0.22744,0,0.063779,0,0,0,0,1.2828,0.037304,0.1444,0.6065,1.0397
1,57,1450,0,0,0.095862,0.30897,94.955,86.287,6.2297,0.62552,0,1.129,0.37379,0.32,0,0.23034,0.078621,0.077931,0.87448,1.5469,0.064828,0.048966,0,0.1269,0,0.045517,0.023448,0.3469,0,0,0.13448,0.052414,0,0.25586,0.045517,0.05931,0,0,0,0,1.1876,0.051034,0.16621,0.60759,1.6434
1,58,597,0,0,0.070352,0.16583,86.067,102.33,0.68342,0,0,1.6985,0.36516,0.01675,0,0.27973,0,0.075377,0.59966,0.66164,0.001675,0,0,0.22948,0,0,0.030151,0.92965,0,0,0.053601,0.072027,0.015075,0.70519,0.065327,0.038526,0,0,0,0.0050251,0.58291,0.026801,0.085427,0.46064,0.75377
1,59,1724,0,0,0.082367,0.33179,164.01,109.39,0.91415,0,0,1.8364,0.32947,0,0,0.27262,0,0.091067,0.60151,0.75812,0.011021,0.013341,0,0.25174,0,0,0.017981,0.82425,0,0,0.013341,0.058005,0.00058005,0.66241,0.037123,0.071926,0,0,0,0.044664,0.41299,0.075986,0.36601,0.9942,0.87123
1,60,938,0,0,0.054371,0.18017,87.273,103.9,1.3017,0,0,1.532,0.34648,0,0,0.3081,0,0.085288,0.83689,0.88806,0.026652,0,0,0.21002,0,0,0.017058,0.97868,0,0,0.014925,0.071429,0,0.73454,0.020256,0.056503,0,0,0,0,0.27399,0.078891,0.074627,0.44456,0.98721
1,61,650,0,0,0.070769,0.16462,85.545,94.889,0.43538,0,0,1.7954,0.35385,0,0,0.34923,0,0.13846,0.78769,0.61538,0,0.010769,0,0.19231,0,0,0.027692,1.2108,0,0,0.021538,0.076923,0,0.93846,0,0.081538,0,0.013846,0,0,0.37538,0.064615,0.081538,0.35538,0.68
1,62,1168,0,0,0.044521,0.29538,97.838,95.913,3.9272,0,0,1.2414,0.30736,0.063356,0,0.22089,0,0.068493,0.37158,1.1045,0,0,0,0.17209,0,0.0094178,0.018836,0.63014,0,0,0.019692,0.055651,0.0017123,0.49401,0.041096,0.055651,0,0,0,0,0.10274,0,0.23459,0.68236,1.1455
1,63,646,0,0,0.060372,0.32972,160.19,102.64,0.45046,0,0,2.1749,0.32353,0,0,0.26935,0,0.10681,0.77399,0.67337,0.03096,0,0,0.19505,0,0,0.017028,0.90248,0,0,0.001548,0.055728,0.003096,0.72291,0,0.060372,0,0,0,0,0.05418,0,0.31734,0.91796,0.67337
1,64,2742,0,0,0.070751,0.35412,110.26,108.07,2.2567,0,0,1.3939,0.29468,0.013129,0,0.27352,0,0.084974,0.50802,0.86214,0,0,0,0.24617,0,0,0.016411,0.86032,0,0,0.0040117,0.060175,0,0.72684,0.033552,0.055434,0,0,0,0.016047,0.32458,0.06601,0.36287,0.92925,0.96171
1,65,9251,0,0,0.03805,0.13588,83.852,81.009,0.21619,0.033294,0.00032429,1.4603,0.49941,0.71236,0.018917,0.2604,0.13577,0.079018,0.30299,1.815,0.077505,0.11718,0,0.15847,0,0.02724,0.031348,0.46525,0,0,0.11145,0.067344,0.023673,0.33067,0.064642,0.058264,0,0,0,0,1.9681,0.11837,0.32407,0.73624,1.9981
1,66,1792,0,0,0.053013,0.32924,139.2,105.42,0.90123,0.37333,0,1.4849,0.46038,0.46987,0,0.47768,0.086496,0.078683,0.29408,1.2779,0.060268,0.12221,0,0.13839,0,0.014509,0.025112,0.6356,0,0,0.064732,0.078683,0.0055804,0.36272,0.033482,0.068638,0.018973,0,0,0.03125,1.1362,0.055246,0.66685,1.1244,1.3666
1,67,2353,0,0,0.048024,0.12452,82.802,86.58,0.38674,0.65023,0,1.5827,0.41394,0.49129,0,0.29749,0.045474,0.079898,0.19762,1.3311,0.032299,0.067998,0,0.12325,0,0.01105,0.022949,0.54951,0,0,0.068848,0.065873,0.010625,0.26519,0.0093498,0.052274,0,0,0,0,0.54654,0.0076498,0.35614,0.76498,1.3481
1,68,903,0,0,0.033223,0.14064,86.107,95.192,0.72536,0.10299,0.0099668,0.94131,0.34994,0.15725,0,0.2093,0,0.049834,0.28239,0.93355,0,0,0,0.084164,0,0,0.0088594,0.13178,0,0,0.021041,0.040975,0.0011074,0.20377,0,0.044297,0,0,0,0.0044297,1.2348,0.0088594,0.299,0.70986,0.94241
1,69,1184,0,0,0.046453,0.14189,82.406,87.755,1.5236,0.70101,0.0033784,1.3497,0.42061,0.35051,0,0.26436,0.021115,0.095439,0.26182,0.53125,0.043074,0.022804,0,0.12669,0,0,0.022804,0.34459,0,0,0.056588,0.071791,0.0076014,0.24155,0,0.032095,0,0,0,0.0050676,1.891,0.13345,0.069257,0.43834,0.6647
1,70,542,0,0,0.042435,0.13469,83.173,88.814,0.91328,0.049815,0,2.9336,0.38745,0.03321,0,0.42066,0,0.15129,0.98893,0.58672,0,0,0,0.24539,0,0,0.020295,1.2269,0,0,0.0055351,0.099631,0,0.97786,0.04059,0.057196,0,0,0,0,0.060886,0.055351,0.079336,0.46679,0.68266
1,71,948,0,0,0.048523,0.45359,154.75,114.16,1.9494,0,0,2.1361,0.39135,0.025316,0,0.29641,0,0.14135,1.0475,0.60865,0.0327,0,0,0.20992,0.015823,0,0.023207,0.97468,0,0,0.042194,0.070675,0.0327,0.84599,0.0327,0.075949,0,0,0,0.010549,0.37447,0.033755,0.55591,1.1086,0.67511
1,72,909,0,0,0.045105,0.10781,78.013,82.645,0.30253,0.052805,0,2.5963,0.33003,0.020902,0,0.40154,0,0.15072,0.69197,0.62046,0,0,0,0.23652,0,0,0.029703,1.2728,0,0,0.011001,0.081408,0.025303,0.86359,0.041804,0.068207,0,0,0,0.033003,0,0.017602,0.048405,0.38284,0.67987
1,73,14595,0,0,0.048715,0.35279,145.12,103.58,1.1827,0.029531,0.0032203,1.6846,0.55122,0.74032,0.0069202,0.27742,0.14539,0.088455,0.23296,2.0863,0.10442,0.20617,0.00068517,0.15464,0.015211,0.061048,0.031381,0.50134,0,0,0.14512,0.074066,0.035423,0.31689,0.106,0.074889,0.010894,0,0,0.0099349,1.7963,0.11867,0.32299,0.99294,2.311
1,74,2200,0,0,0.043182,0.11682,79.415,89.334,0.88591,0.33,0,1.1091,0.36,0.29045,0,0.24682,0.017727,0.038182,0.17682,0.93,0.042727,0.053636,0,0.10591,0,0,0.02,0.2,0,0,0.017727,0.055455,0.0081818,0.20909,0.0077273,0.037727,0,0,0,0,1.5673,0.075,0.053182,0.36136,1.0127
1,75,1222,0,0,0.052373,0.35925,111.23,108.78,1.5115,0,0,1.8699,0.3527,0.0040917,0,0.26841,0,0.11866,0.53928,0.6653,0.017185,0.01964,0,0.21522,0,0,0.017185,0.86743,0,0,0.04419,0.069558,0.00491,0.74877,0.025368,0.063011,0,0,0,0,0.0982,0.0081833,0.26268,0.87725,0.69885
1,76,947,0,0,0.04963,0.13305,76.421,80.803,1.0391,0.19852,0,1.7508,0.41183,0.59873,0,0.27878,0.063358,0.098205,10.615,0.69377,0.21119,0.081309,0,0.15312,0,0.021119,0.023231,0.59345,0,0.051742,0.036959,0.07603,0.11299,0.53221,0,0.077086,0,0,0,0.050686,1.3675,0.17001,0.04963,0.26505,0.86378
1,77,501,0,0,0.03992,0.12974,76.096,79.521,0.11776,0.11178,0,2.521,0.44511,0.27345,0,0.33932,0.031936,0.1497,7.4072,0.36926,0.13573,0,0,0.18164,0,0,0.023952,0.80639,0,0.051896,0.081836,0.1018,0.10379,0.69062,0.055888,0.0998,0,0,0,0,1.519,0.12974,0.035928,0.30339,0.55489
1,78,814,0,0,0.041769,0.11179,79.496,77.092,1.7617,0.1941,0,1.6585,0.45455,0.25553,0,0.29115,0.044226,0.067568,0.6683,0.59582,0.068796,0.071253,0,0.15848,0,0,0.028256,0.37961,0,0,0.035627,0.063882,0.002457,0.25184,0.013514,0.060197,0,0,0,0,2.6314,0.17568,0.095823,0.51351,0.78501
1,79,5987,0,0,0.054284,0.3845,148.12,103.64,2.1249,0.12143,0.0055119,1.8407,0.46534,0.51612,0,0.3085,0.1059,0.10423,4.673,1.7528,0.13997,0.13713,0,0.25823,0.011191,0.053282,0.026223,0.56573,0.0023384,0.01069,0.18908,0.07533,0.084683,0.54602,0.092534,0.095874,0.005679,0,0,0.01236,1.0481,0.11341,0.24603,0.83314,1.9587
1,80,1567,0,0,0.059349,0.38673,149.35,106.45,1.9706,0.022974,0.0025526,2.1946,0.43267,0.37907,0,0.32419,0.070836,0.10019,8.0115,0.55584,0.15571,0.10402,0,0.21953,0,0,0.020421,0.70772,0,0.029994,0.13146,0.075303,0.10721,0.68092,0.015316,0.1104,0.0082961,0,0,0.066369,1.104,0.11487,0.27122,0.88066,0.68602
1,81,3246,0,0,0.036352,0.11984,72.923,79.944,0.44208,0.24091,0,1.7437,0.39587,0.63986,0,0.28651,0.038201,0.10567,9.4941,0.5151,0.17683,0.039125,0,0.16636,0,0.01602,0.026494,0.5228,0,0.054221,0.073937,0.056993,0.082871,0.55145,0.0033888,0.079174,0,0,0,0.039433,1.1925,0.13709,0.028651,0.21996,0.65558
1,82,967,0,0,0.050672,0.37332,114.24,112.48,3.0662,0,0,1.7177,0.34333,0.044467,0,0.32265,0.018614,0.12306,0.37539,0.84902,0,0.040331,0,0.25543,0,0,0.024819,1.0259,0.026887,0,0.013444,0.063082,0.022751,0.86246,0,0.061013,0,0,0,0,0.33816,0.059979,0.24819,0.92141,0.909
1,83,1606,0,0,0.038605,0.40162,146.25,109.76,1.8269,0,0.001868,2.5629,0.37049,0.091532,0,0.368,0.013699,0.12702,1.0648,0.79577,0.016189,0.016189,0,0.27273,0,0,0.021171,1.0785,0,0,0.047945,0.077833,0.039228,0.8736,0.044209,0.084682,0,0,0,0.007472,0.23786,0.059153,0.25467,0.83001,0.89913
1,84,6191,0,0,0.15151,0.3497,149.53,98.302,1.5409,0.051526,0,1.2974,0.36618,0.31998,0,0.25246,0.014053,0.087869,4.1615,0.99774,0.084962,0.059118,0,0.18139,0,0.0046842,0.022613,0.49507,0,0.003069,0.05298,0.064125,0.056372,0.50751,0.026329,0.081408,0,0,0,0.045065,0.7813,0.04345,2.0572,1.1501,1.0675
1,85,653,0,0,0.053599,0.1562,84.005,74.19,0.11179,0.8974,0,2.0827,0.42113,0.25727,0,0.28943,0,0.087289,0.073507,1.0337,0.064319,0.085758,0,0.1317,0,0,0.022971,0.64319,0,0,0.036753,0.059724,0,0.38897,0.024502,0.053599,0,0,0,0,0.68453,0.0015314,0.14855,0.59877,1.0597
1,86,1027,0,0,0.077897,0.32327,115.67,105.95,1.8656,0,0,1.7546,0.33788,0.043817,0,0.28627,0,0.10808,1.2308,0.6222,0,0.012658,0,0.20935,0,0,0.024343,0.94937,0,0,0.044791,0.071081,0,0.6962,0.0038948,0.059396,0,0,0,0.037001,0.3739,0.069133,0.27459,0.89289,0.69523
1,87,2429,0,0,0.068341,0.30877,127.05,103.41,5.0473,0,0,1.2861,0.31865,0.035406,0,0.25443,0,0.090572,1.0362,1.0552,0.042816,0.041581,0,0.2079,0,0,0.015644,0.80033,0,0,0.016468,0.070399,0.0045286,0.65459,0.033759,0.065459,0,0,0,0.011527,0.64265,0.08275,0.23466,0.88514,1.1717
1,88,835,0,0,0.064671,0.14132,87.509,78.382,0.38563,0.97725,0,1.7904,0.44192,0.4,0,0.22635,0.079042,0.08982,0.10898,1.091,0,0.05988,0,0.12096,0,0,0.022754,0.41198,0,0,0.019162,0.052695,0,0.21078,0,0.045509,0,0,0,0,0.88982,0.040719,0.17246,0.58563,1.1317
1,89,1785,0,0,0.033613,0.10364,72.835,85.2,0.40952,0,0,1.9591,0.3535,0.10868,0,0.32157,0,0.12885,1.5389,0.88908,0.011765,0,0,0.19776,0,0,0.015686,0.95014,0,0,0.0089636,0.057703,0.014006,0.74062,0,0.054902,0,0,0,0.054342,0.29972,0.076751,0.021289,0.19944,0.96583
1,90,738,0,0,0.059621,0.31301,141.75,97.5,2.6179,0,0,2.5095,0.39702,0.033875,0,0.27913,0,0.11653,0.95122,0.76965,0.012195,0,0,0.24119,0,0,0.0271,0.79675,0,0,0.01626,0.081301,0,0.72493,0.004065,0.081301,0,0,0,0.097561,0.54607,0.079946,0.27236,0.99864,0.85366
1,91,511,0,0,0.076321,0.36986,115.5,105.23,1.4873,0,0,1.8004,0.37182,0.074364,0,0.36986,0,0.11742,0.82975,0.72798,0,0,0,0.28376,0,0,0.019569,1.1996,0.041096,0,0.10959,0.097847,0.013699,0.99804,0,0.082192,0,0,0,0,0.44031,0.035225,0.20157,0.8454,0.76321
1,92,902,0,0,0.034368,0.1031,75.509,83.61,0.37251,0,0,2.4047,0.3337,0.097561,0,0.37916,0.018847,0.13082,2.337,0.63636,0.042129,0,0,0.21064,0,0,0.017738,1.0322,0,0,0.0055432,0.099778,0,0.80488,0.026608,0.074279,0,0,0,0.015521,0.20953,0.014412,0.036585,0.28825,0.67738
1,93,1567,0,0,0.042757,0.44927,162.14,120.11,1.9298,0.0019145,0.018507,1.4352,0.35929,0.25335,0,0.2776,0.03829,0.091257,4.5163,0.66688,0.090619,0.061902,0,0.18124,0.01404,0,0.018507,0.59413,0,0.0089343,0.035737,0.07977,0.03127,0.61646,0.028717,0.082961,0,0,0,0.021698,0.7141,0.040842,0.41034,1.2802,0.73644
1,94,668,0,0,0.061377,0.29491,102.74,94.497,0.89521,0,0,2.1901,0.37425,0.13772,0,0.32036,0.058383,0.12425,1.5434,0.99551,0,0,0,0.25599,0,0,0.017964,0.97156,0,0,0.13473,0.067365,0.005988,0.70359,0.037425,0.07485,0,0,0,0,0.098802,0,0.23204,0.73503,1.0329
1,95,1503,0,0,0.076514,0.33333,129.66,96.194,0.9827,0.33267,0,0.65203,0.32335,0.21756,0,0.16168,0.012641,0.055223,10.124,0.50233,0.15702,0,0,0.096474,0,0,0.017964,0.1151,0,0.049235,0.022621,0.04857,0.097804,0.34731,0,0.084498,0,0,0,0.031271,1.5709,0.14238,0.21623,0.75316,0.64471
1,96,2295,0,0,0.060131,0.36209,117.97,110.52,2.6279,0,0,1.6261,0.32593,0,0,0.30022,0,0.10283,0.63747,0.74946,0.011329,0,0,0.20392,0,0,0.015251,0.88715,0.0021786,0,0.036166,0.066231,0.0021786,0.73813,0.0017429,0.067102,0,0,0,0,0.58257,0.099782,0.30327,0.97734,0.85098
1,97,6369,0,0,0.05197,0.30287,104.76,103.97,1.177,0,0,2.2371,0.40226,0.1914,0,0.35123,0.031559,0.13566,0.90815,0.85257,0.037211,0.061862,0,0.22578,0,0,0.01994,1.0622,0,0,0.060606,0.076935,0.017114,0.83388,0.051656,0.074266,0,0,0.0017271,0.032501,0.38797,0.023238,0.21212,0.79526,0.92746
1,98,954,0,0,0.034591,0.10692,78.432,80.553,1.0849,0.035639,0,2.4675,0.37107,0.012579,0,0.36583,0,0.13836,1.5461,0.97484,0,0,0,0.21279,0,0,0.020964,1.0524,0.067086,0,0.057652,0.061845,0.012579,0.83753,0.038784,0.062893,0,0,0,0.014675,0.24633,0.087002,0.07652,0.48113,1.1006
1,99,986,0,0,0.030426,0.10142,77.908,82.274,0.47363,0,0,2.1633,0.35497,0.23732,0,0.32252,0,0.13489,3.7241,0.98783,0.064909,0.047667,0,0.1714,0,0,0.018256,0.83469,0.021298,0,0.026369,0.074037,0.01217,0.6572,0.034483,0.072008,0,0,0,0.018256,0.91582,0.11866,0.084178,0.40467,1.141
1,100,1152,0,0,0.043403,0.42188,146.8,108.46,1.7847,0,0.0052083,2.0668,0.40538,0.16233,0,0.31076,0,0.12934,1.8542,0.76215,0.070313,0.012153,0,0.24306,0,0,0.033854,0.98611,0,0.011285,0.078993,0.085938,0.03125,0.8776,0.033854,0.085069,0.010417,0,0,0.036458,0.45833,0.045139,0.23872,0.90538,0.84115
1,101,2495,0,0,0.071743,0.35752,157.36,110.2,2.0513,0.0028056,0.004008,2.6669,0.34429,0,0,0.32345,0,0.12425,0.8489,0.90461,0.029259,0.012826,0,0.26373,0,0,0.023246,1.1234,0.088577,0,0.024048,0.067335,0.0016032,0.8481,0.041283,0.072946,0,0,0.0056112,0,0.21283,0.065731,0.42485,1.1715,1.0116
1,102,4788,0,0,0.14014,0.2594,143.86,96.235,5.2893,0.14891,0,1.5698,0.31788,0.11174,0,0.25752,0.0050125,0.065372,1.7448,0.7477,0.024854,0.015246,0,0.18881,0,0.0098162,0.021721,0.3749,0,0,0.066416,0.04929,0.013784,0.36633,0.017544,0.061821,0,0,0,0.039891,0.51859,0.077694,0.32414,0.82373,0.84294
1,103,1931,0,0,0.064215,0.28742,148.47,100.81,2.2983,0,0.0020715,2.3397,0.35526,0,0,0.27758,0,0.11186,0.98498,0.66546,0.031072,0,0,0.28327,0,0,0.02434,0.81616,0,0,0.068358,0.064215,0.023304,0.71466,0.032626,0.070948,0,0,0,0.01709,0.58519,0.047126,0.35008,1.0906,0.74521
1,104,1866,0,0,0.027331,0.12004,77.678,81.931,0.76152,0,0.0010718,2.4041,0.34941,0.14845,0,0.35745,0.014469,0.13344,2.679,0.62111,0.047696,0.049839,0,0.23473,0,0.0010718,0.03269,1.1913,0.025188,0,0.027331,0.072883,0.024652,0.8194,0.0091104,0.078242,0,0,0,0.030011,0.40407,0.083601,0.065916,0.42122,0.71383
1,105,538,0,0,0.042751,0.092937,75.112,82.251,2.7212,0,0,1.8011,0.28439,0,0,0.25651,0,0.083643,0.60781,0.77509,0,0,0,0.15799,0,0,0.016729,0.63383,0,0,0.1803,0.050186,0,0.45725,0.0055762,0.063197,0,0,0,0,0,0,0.04461,0.35874,0.78067
1,106,1462,0,0,0.071135,0.34405,129.11,104.88,3.394,0,0,1.3133,0.30985,0,0,0.27975,0,0.10534,0.51915,0.97811,0,0,0,0.21614,0,0,0.022572,0.77497,0,0,0.015732,0.060876,0,0.67852,0.021204,0.063611,0,0,0,0,0.25855,0.0513,0.28386,0.99248,1.0506
1,107,1395,0,0,0.083871,0.27885,145.39,100.86,3.4172,0,0,1.4566,0.28817,0.015054,0,0.27885,0,0.10323,1.3484,0.9405,0.032258,0,0,0.24014,0,0,0.01362,0.81147,0,0,0.015054,0.049462,0,0.6509,0.012186,0.0681,0,0,0,0.055914,0.45018,0.053047,0.25233,0.91971,1.0057
1,108,11891,0,0,0.06896,0.35043,117.49,108.66,1.4994,0.032377,0,1.0522,0.55723,0.96417,0,0.25826,0.16365,0.088891,0.14221,2.1383,0.10226,0.18543,0,0.15407,0.015222,0.070978,0.029266,0.48802,0,0.00067278,0.13901,0.080902,0.036582,0.29468,0.097469,0.059457,0.0032798,0.0019342,0,0.013287,2.4868,0.14885,0.30208,1.012,2.3846
1,109,528,0,0,0.081439,0.37121,129.55,103.28,2.2519,0,0,1.4792,0.35795,0,0,0.33902,0,0.14015,0.77083,0.64773,0,0,0,0.2197,0,0,0.011364,1.0398,0,0,0.0056818,0.064394,0,0.90152,0.032197,0.081439,0,0,0,0,0.049242,0.032197,0.30682,0.92992,0.71212
1,110,5504,0,0,0.071221,0.31086,152.83,107.2,1.3011,0.053597,0.0030887,2.101,0.4544,0.38281,0,0.28452,0.052507,0.086119,0.26744,1.3076,0.05069,0.12282,0,0.17351,0.0030887,0.016352,0.021439,0.59975,0,0,0.099927,0.064499,0.017078,0.41988,0.061773,0.067951,0,0,0,0,1.048,0.065407,0.41097,1.1177,1.4348
1,111,1436,0,0,0.043175,0.13231,79.478,85.701,0.80432,0,0,1.8475,0.34401,0.1734,0,0.31685,0.014624,0.13162,1.8231,1.0641,0.052925,0,0,0.20056,0,0.01532,0.018106,0.87674,0.021588,0,0.0020891,0.066852,0.023677,0.74025,0.042479,0.06546,0,0,0,0.059192,0.30084,0.082869,0.076602,0.45891,1.1894
1,112,1144,0,0,0.047203,0.14598,87.267,85.438,0.5,0,0,2.2955,0.3549,0,0,0.30944,0,0.11976,0.8986,0.65822,0,0,0,0.22902,0,0,0.018357,0.90822,0,0,0,0.062063,0.0052448,0.7465,0.020105,0.056818,0,0,0,0.041958,0.16958,0.030594,0.20105,0.70017,0.70892
1,113,885,0,0,0.067797,0.24746,148.31,101.18,1.4136,0,0,1.8463,0.35593,0.14802,0,0.29718,0,0.11073,0.8904,0.70169,0,0,0,0.25424,0,0,0.013559,0.95367,0,0,0.058757,0.074576,0,0.79096,0,0.066667,0,0,0,0,0.062147,0.11977,0.36271,0.95141,0.82147
1,114,1017,0,0,0.048181,0.13176,78.759,84.35,0.41495,0.35497,0,1.0029,0.37955,0.33038,0,0.22321,0.06293,0.064897,12.184,0.60964,0.18584,0.038348,0,0.12783,0,0,0.020649,0.14749,0,0.10029,0.05703,0.055064,0.079646,0.34022,0,0.073746,0,0,0,0.06293,1.8201,0.21141,0.078663,0.39823,0.82104
1,115,4330,0,0,0.036028,0.13256,81.769,90.459,0.39538,0.010393,0.0018476,1.7166,0.40462,0.64711,0,0.35358,0.064203,0.11386,2.6464,0.997,0.081062,0.068822,0,0.18961,0.0050808,0.047575,0.023788,0.81247,0,0.0027714,0.062818,0.072517,0.031871,0.68799,0.037644,0.069515,0,0,0,0.0053118,1.2067,0.077829,0.068822,0.42702,1.1125
1,116,1497,0,0,0.10488,0.33868,157.73,104.5,3.1142,1.6667,0.00668,1.6286,0.5511,0.49766,0,0.24649,0.13293,0.082832,0.081496,1.328,0.088844,0.11957,0,0.12024,0.014696,0.0501,0.027388,0.39947,0,0,0.16433,0.061456,0.014696,0.17502,0.050768,0.08016,0,0,0,0.005344,1.3534,0.1002,0.39412,1.0802,1.479
1,117,1973,0,0,0.057273,0.42068,158.98,115.37,4.2397,0,0.0030411,2.7496,0.41764,0.08515,0,0.38571,0.0020274,0.13482,0.80284,0.75266,0.046629,0.037506,0,0.31374,0.011657,0.0040547,0.024835,1.4653,0.035479,0,0.078054,0.087177,0.027876,0.99899,0.049164,0.080588,0,0,0.0030411,0.031424,0.24075,0.051698,0.36543,1.1353,0.85352
1,118,575,0,0,0.045217,0.1287,80.016,83.824,1.4191,0,0,2.3617,0.35652,0.10783,0,0.38087,0.017391,0.13565,0.57217,0.74435,0,0,0,0.21739,0,0,0.017391,0.95304,0,0,0.012174,0.06087,0.0069565,0.79478,0.0052174,0.069565,0,0,0,0.076522,0,0,0.064348,0.45739,0.74957
1,119,7557,0,0,0.1093,0.46672,103.72,111.13,37.632,0.53302,0.0089983,1.6471,0.67818,0.62816,0.027656,0.33995,0.32539,0.17282,0.87813,1.2182,0.13775,0.34934,0.23554,1.1403,0.32923,0.21649,0.099113,0.73998,0.019717,0.015615,0.22641,0.1363,0.066428,0.5391,0.14331,0.079661,0.075824,0.31984,0.10547,0.10057,0.66389,0.12082,0.18777,0.51158,1.4823
1,120,1487,0,0,0.039005,0.13988,80.231,87.332,0.4573,0,0,2.3053,0.3766,0.011432,0,0.37861,0,0.14055,0.7727,0.69872,0,0,0,0.22125,0,0,0.019502,1.0982,0,0,0.055145,0.058507,0,0.8386,0.051782,0.063215,0,0,0,0,0.12239,0.028917,0.082717,0.42905,0.77942
1,121,533,0,0,0.041276,0.35835,126.95,101.29,1.4353,0,0,1.2364,0.33208,0,0,0.30769,0,0.10882,0.71295,0.73171,0,0,0,0.23077,0,0,0.020638,1.045,0,0,0.022514,0.075047,0,0.89118,0,0.071295,0,0,0,0,0.16135,0.033771,0.29831,0.97561,0.76548
1,122,639,0,0,0.068858,0.32864,121.76,98.127,0.28326,0,0,1.4867,0.41315,0.46948,0,0.26291,0.057903,0.10329,0.66667,0.92958,0.017214,0,0,0.20344,0,0.023474,0.029734,0.82316,0,0,0.059468,0.092332,0,0.65571,0.020344,0.054773,0,0,0,0.0031299,1.5102,0.026604,0.30516,0.96401,0.97653
1,123,736,0,0,0.048913,0.40082,112.61,103.77,1.0367,0,0,1.9076,0.38859,0.12364,0,0.34783,0,0.1481,1.5245,0.55027,0,0.03125,0,0.26766,0,0,0.013587,1.3628,0,0,0,0.09375,0.013587,1.1997,0.066576,0.072011,0,0,0,0.032609,0.27582,0.074728,0.28668,0.88723,0.69158
1,124,3198,0,0,0.066291,0.394,163.12,115.36,2.5247,0,0.0050031,2.4381,0.39525,0.083177,0,0.36273,0.0021889,0.13383,1.2292,0.85053,0.04878,0.051907,0,0.2733,0,0,0.021576,1.176,0.0059412,0,0.040025,0.071607,0.015009,0.92839,0.025954,0.075672,0,0.0075047,0.0015635,0.011257,0.11789,0.026892,0.36554,1.1094,0.90338
1,125,1839,0,0,0.060903,0.43067,160.89,117.16,4.6047,0.0054377,0.0038064,2.3714,0.38662,0.040783,0,0.37085,0.03317,0.14247,1.3768,0.63785,0.049483,0.10332,0.00054377,0.25721,0.0081566,0.015769,0.025557,1.2692,0.0059815,0,0.046765,0.073409,0.010332,0.91517,0.021207,0.073953,0.0038064,0.0081566,0,0.0092442,0.17836,0.017401,0.3839,1.1517,0.67645
1,126,1017,0,0,0.053097,0.33727,117.86,101.76,2.1967,0,0,1.4474,0.29105,0,0,0.28417,0,0.098328,0.82694,0.82891,0,0,0,0.21632,0,0,0.020649,0.80236,0,0,0.024582,0.048181,0,0.58014,0.032448,0.048181,0,0,0,0.066863,0.19272,0.030482,0.25369,1.0069,0.89184
1,127,801,0,0,0.036205,0.12484,78.562,92.604,0.57054,0,0,1.397,0.33333,0.074906,0,0.27216,0,0.087391,0.4382,0.69164,0,0.037453,0,0.18602,0,0,0.012484,0.66667,0,0,0.078652,0.051186,0,0.4819,0.037453,0.057428,0,0,0,0.038702,0.30337,0,0.082397,0.32959,0.72909
1,128,622,0,0,0.07074,0.36174,116.8,112.26,1.6447,0,0,1.5209,0.35691,0.0064309,0,0.23955,0,0.13023,0.8955,0.66238,0,0.048232,0,0.21704,0,0,0.025723,1.1817,0.040193,0,0,0.062701,0,0.88585,0.040193,0.07717,0,0.0016077,0,0,0.054662,0.03537,0.30868,0.99518,0.73794
1,129,1061,0,0,0.035815,0.12912,75.106,90.934,0.50801,0,0,1.8247,0.34496,0.025448,0,0.32705,0,0.1263,1.0886,0.68897,0.00094251,0,0,0.21866,0,0,0.014138,0.90292,0,0,0.024505,0.06032,0.016023,0.6852,0.021678,0.05278,0,0,0,0.01508,0.11027,0.01508,0.024505,0.21489,0.72573
1,130,715,0,0,0.046154,0.2965,118.03,95.992,1.0238,0,0,1.1538,0.29091,0,0,0.24336,0,0.096503,0.80559,0.82797,0,0,0,0.21678,0,0,0.016783,0.72587,0,0,0.051748,0.05035,0,0.66713,0.020979,0.040559,0,0,0,0,0.16923,0,0.27552,0.91329,0.84895
1,131,660,0,0,0.045455,0.38182,116.94,111.63,1.8258,0,0,1.6061,0.33333,0.048485,0,0.34697,0,0.11515,0.90303,0.75455,0,0,0,0.27121,0,0,0.030303,0.99848,0,0,0.10152,0.068182,0.016667,0.74545,0.036364,0.074242,0,0,0,0.012121,0.39394,0.036364,0.27273,1.0152,0.82727
1,132,939,0,0,0.051118,0.18424,89.085,76.53,0.19915,0.18211,0,2.0234,0.38445,0.21299,0,0.34824,0.060703,0.077742,12.249,0.44515,0.21406,0.025559,0,0.36528,0,0,0.028754,0.58253,0,0.12354,0.054313,0.064963,0.13951,0.57082,0.0053248,0.083067,0,0,0,0.066028,0.83067,0.15442,0.21832,0.70288,0.6049
1,133,6284,0,0,0.080363,0.34341,164.87,110.85,3.5021,0.077976,0,2.1903,0.36744,0.32638,0,0.317,0.031349,0.11474,1.1459,1.3073,0.054583,0.086728,0.00015913,0.36474,0.014004,0.019255,0.02753,0.84007,0,0.00079567,0.034055,0.068109,0.012094,0.65165,0.072565,0.071451,0.0050923,0,0.00063654,0.038829,0.42823,0.059516,0.41709,1.1229,1.4394
1,134,953,0,0,0.059811,0.37461,111.93,103.96,2.0776,0.058762,0,1.2099,0.57083,0.19517,0,0.23505,0.026233,0.086044,0.35677,0.75341,0.055614,0.035677,0,0.1511,0,0,0.019937,0.44386,0,0,0.055614,0.056663,0.011542,0.32529,0,0.041973,0,0,0,0.013641,3.2204,0.16894,0.28751,0.96747,0.92235
1,135,3092,0,0,0.060479,0.36805,164.15,117.7,1.6032,0.057245,0.00064683,1.8457,0.36966,0.18273,0,0.26229,0.0064683,0.10188,0.55821,0.73706,0.027167,0.062419,0,0.22089,0,0,0.020052,0.80175,0,0,0.048189,0.061772,0.016171,0.62743,0.021345,0.069858,0,0,0,0.087646,0.63163,0.01229,0.35026,1.0514,0.7707
1,136,2253,0,0,0.040834,0.34621,103.9,104.88,1.6831,0,0,1.7448,0.35153,0.070573,0,0.30981,0,0.1265,0.70794,1.1926,0.041722,0.0093209,0,0.20506,0,0,0.021749,1.1269,0.029294,0,0.011096,0.070129,0.003107,0.94186,0.061696,0.076787,0,0,0,0.0097648,0.46294,0.063027,0.21305,0.80692,1.3174
1,137,663,0,0,0.067873,0.34842,163.33,114.75,1.5173,0.045249,0,1.8763,0.36199,0.0090498,0,0.27903,0,0.12519,0.35897,0.69231,0.015083,0,0,0.18854,0,0,0.0181,0.79186,0,0,0.0015083,0.07089,0,0.64555,0,0.072398,0,0,0,0.046757,0.63499,0,0.34691,1.0618,0.69231
1,138,2333,0,0,0.075011,0.29318,159.54,103.58,2.7201,0,0.0034291,2.2143,0.29104,0.065581,0,0.27261,0.010716,0.095585,0.85169,0.9267,0.030433,0.0085727,0,0.22889,0,0,0.013716,0.75654,0.0090013,0,0.0034291,0.067724,0.0017145,0.71667,0.048007,0.063438,0,0,0,0.030004,0.28847,0.048435,0.33733,1.0313,1.0231
1,139,1048,0,0,0.027672,0.15458,83.127,96.441,0.47233,0.41508,0.0019084,1.5582,0.37309,0.21851,0,0.33492,0,0.083015,0.25382,0.75382,0.024809,0,0,0.14313,0,0,0.01145,0.61546,0,0,0.045802,0.062977,0,0.35687,0.022901,0.045802,0,0,0,0.019084,0.38359,0.024809,0.076336,0.44561,0.80153
1,140,4037,0,0,0.054496,0.37676,114.2,108.92,1.6718,0,0,1.5876,0.33787,0.01189,0,0.29923,0.0034679,0.11469,0.85782,0.90191,0.022046,0,0,0.22839,0,0,0.023285,1.0109,0.0069358,0,0.023532,0.071836,0.001734,0.82363,0.018578,0.067624,0,0,0.00074313,0.02056,0.38543,0.068615,0.29849,0.98662,0.9891
1,141,1500,0,0,0.039333,0.11533,81.741,94.675,1.246,0,0,1.7447,0.282,0,0,0.25867,0.0073333,0.089333,0.716,0.88133,0,0,0,0.18533,0,0,0.018667,0.716,0,0,0,0.056,0,0.57933,0.013333,0.054667,0,0,0,0.00066667,0.42267,0.02,0.079333,0.54067,0.91467
1,142,594,0,0,0.037037,0.17172,85.387,85.882,0.8064,0,0,2.2003,0.30471,0.013468,0,0.26263,0,0.10774,1.2778,0.65993,0,0,0,0.23569,0,0,0.021886,0.86364,0,0,0,0.057239,0,0.65993,0.0016835,0.048822,0,0,0,0,0.28956,0,0.17003,0.70875,0.66162
1,143,1050,0,0,0.066667,0.32857,167.5,110.47,0.80762,0,0,1.1381,0.31905,0.28571,0,0.20952,0,0.058095,5.1933,0.64762,0.073333,0,0,0.14286,0,0,0.019048,0.38857,0,0.022857,0.031429,0.049524,0.04,0.41905,0,0.072381,0,0,0,0.079048,0.35524,0.079048,0.44381,1.1305,0.72667
1,144,1762,0,0,0.040863,0.1504,86.308,90.367,1.164,0,0,1.9035,0.30306,0.017594,0,0.28888,0.0090806,0.093076,0.59648,0.76447,0.018161,0,0,0.19353,0,0,0.015323,0.81669,0,0,0.0039728,0.053916,0,0.5874,0,0.062997,0,0,0,0.12089,0.17877,0.047673,0.18899,0.79625,0.81215
1,145,1305,0,0,0.039847,0.13793,78.791,88.103,0.60843,0,0,1.6897,0.38008,0.12414,0,0.31264,0.0038314,0.12644,0.72184,0.57701,0.0030651,0,0,0.18314,0,0,0.017625,0.84521,0,0,0.03908,0.072797,0.0091954,0.66973,0.058238,0.056705,0,0,0,0.054406,0.23372,0.029885,0.041379,0.34483,0.66513
1,146,3047,0,0,0.039711,0.14408,82.726,92.282,0.73515,0,0,2.2576,0.36692,0.079422,0.0039383,0.34493,0.006892,0.1152,0.73745,0.91336,0.031178,0.0082048,0,0.21168,0.0049229,0,0.021004,1.2255,0.016738,0.00032819,0.035773,0.066295,0.0052511,0.75779,0.048901,0.062356,0,0,0,0.0045947,0.25271,0.044306,0.090909,0.51067,1.0066
1,147,841,0,0,0.057075,0.14744,82.539,84.093,0.20927,0.19263,0,2.7753,0.44114,0.25684,0,0.41498,0.032105,0.1629,0.82521,0.74316,0.052319,0,0,0.23306,0,0,0.033294,1.3924,0,0,0.070155,0.08918,0.016647,0.86088,0.070155,0.080856,0,0,0,0.043995,0.55172,0.011891,0.086801,0.45422,0.82521
1,148,2774,0,0,0.080389,0.32696,163.98,108,2.297,0.034247,0.0018025,1.1662,0.4243,0.46972,0,0.18926,0.089041,0.054795,3.5789,1.0862,0.090483,0.074982,0.00036049,0.10959,0.0086518,0.010094,0.019827,0.17015,0,0.023071,0.067051,0.059481,0.040375,0.24802,0.020908,0.072819,0,0,0,0.0061283,1.8493,0.12833,0.39366,1.0588,1.2354
1,149,7632,0,0,0.056342,0.38378,152.26,109.5,1.6901,0,0.0014413,2.1255,0.49568,0.43816,0,0.30241,0.12395,0.10587,0.55818,1.451,0.076389,0.15697,0,0.22576,0.017296,0.02804,0.030529,0.74017,0,0,0.13365,0.073244,0.027909,0.57429,0.080844,0.073637,0,0,0.0017034,0.013365,2.2905,0.12408,0.30346,0.94392,1.6559
1,150,1211,0,0,0.045417,0.1379,79.927,91.499,0.61437,0,0,2.2015,0.31874,0.056152,0,0.31379,0,0.13047,0.64162,0.99835,0.061107,0,0,0.23121,0,0,0.028076,0.92486,0,0,0.0057803,0.057803,0,0.73741,0.01569,0.062758,0,0,0,0.040462,0.37242,0.090834,0.078448,0.48472,1.1049
1,151,3149,0,0,0.083519,0.39155,111.88,109.27,1.6405,1.2845,0,1.2696,0.39092,0.31121,0,0.2604,0.027628,0.084471,0.17783,0.85297,0.048904,0.053033,0,0.25754,0.016196,0.028263,0.020006,0.5697,0,0,0.040965,0.086377,0,0.35757,0.011115,0.058431,0,0,0,0.017148,0.97714,0.033026,0.30295,0.97587,0.89711
1,152,751,0,0,0.075899,0.51664,158.24,117.94,5.6791,0,0,1.6671,0.42743,0.35553,0,0.25699,0.10652,0.10386,0.38349,1.0027,0,0.11185,0,0.16112,0,0,0.023968,0.51664,0,0,0.039947,0.05992,0,0.46072,0.045273,0.071904,0,0,0,0,0.89747,0.034621,0.31824,0.89747,1.0826
1,153,621,0,0,0.048309,0.35427,107.34,105.59,0.67955,0,0,1.2899,0.27536,0.05314,0,0.2818,0,0.078905,1.1014,0.7182,0.027375,0,0,0.19324,0,0,0.014493,0.80193,0,0,0.032206,0.070853,0,0.69726,0,0.067633,0,0,0,0.059581,0.51852,0.05475,0.25282,1.0209,0.77295
1,154,641,0,0,0.073323,0.30577,165.75,112.03,2.234,0,0,1.5148,0.40874,0.39626,0,0.21529,0,0.074883,0.12012,1.0016,0.046802,0,0,0.085803,0,0,0.0093604,0.22777,0,0,0,0.067083,0.0093604,0.23557,0,0.054602,0,0,0,0.01092,0.95788,0.035881,0.39782,1.0796,1.0374
1,155,963,0,0,0.044652,0.13084,80.398,92.489,0.6189,0,0,1.5826,0.33853,0.10384,0,0.34476,0,0.11215,0.85047,0.76116,0.051921,0,0,0.25234,0,0,0.014538,0.80789,0,0,0,0.075805,0,0.51921,0.012461,0.058152,0,0,0,0.12046,0.24195,0.063344,0.094496,0.47871,0.83697
1,156,605,0,0,0.044628,0.35041,137.63,105.51,2.281,0,0,1.8678,0.39504,0,0,0.28264,0,0.11736,1.2512,0.50744,0,0,0,0.2595,0,0,0.019835,0.98017,0,0,0.041322,0.057851,0.013223,0.71736,0,0.061157,0,0,0,0,0.059504,0.18512,0.23802,0.83967,0.69256
1,157,712,0,0,0.042135,0.33567,108.33,106.79,1.8329,0,0,1.2837,0.29635,0,0,0.24438,0,0.10815,0.79494,0.67416,0,0,0,0.14888,0,0,0.01264,0.75702,0,0,0.036517,0.044944,0,0.66854,0,0.035112,0,0,0,0,0.15449,0.13764,0.33287,1.0829,0.8118
1,158,1000,0,0,0.057,0.148,83.175,92.39,1.033,0,0,1.607,0.327,0.081,0,0.266,0,0.08,1.139,0.902,0.049,0,0,0.146,0,0,0.015,0.645,0,0,0,0.058,0.001,0.571,0.021,0.039,0,0,0,0.093,0.279,0.054,0.164,0.643,0.977
1,159,3239,0,0,0.080272,0.35968,112.23,105.99,17.276,0.52856,0.0092621,1.6746,0.47268,0.39796,0.025934,0.33498,0.051559,0.12411,7.8324,0.49521,0.23742,0.52856,0.17166,0.50756,0.066379,0.046928,0.072862,0.58753,0,0.066996,0.083359,0.080272,0.08305,0.56869,0.016363,0.10528,0,0.29886,0.027786,0.04878,1.4872,0.17691,6.2945,9.0698,0.68848
1,160,3585,0,0,0.043794,0.12748,74.443,81.903,0.15146,0.012831,0,2.4909,0.32831,0.017015,0,0.33389,0,0.12636,0.94282,0.78298,0.014784,0,0,0.17322,0,0,0.022315,0.95286,0,0,0.02622,0.058856,0.00083682,0.68591,0.019526,0.052999,0,0,0,0.0019526,0.027894,0.033194,0.097908,0.43375,0.8357
1,161,3921,0,0,0.071155,0.37924,118.81,105.37,1.4841,0.0025504,0,1.42,0.35246,0.2428,0,0.28615,0.029074,0.10814,4.242,0.71818,0.083142,0.016577,0.0017853,0.16705,0.0058659,0.014537,0.020658,0.61642,0,0.011222,0.041826,0.062484,0.052283,0.6631,0.021678,0.074216,0,0,0,0.011222,1.2033,0.064269,0.34558,0.98572,0.80413
1,162,1505,0,0,0.053821,0.32558,144.89,104.43,1.5322,0.1588,0.0013289,1.5721,0.40199,0.47774,0,0.25781,0.024585,0.095681,7.3096,0.5701,0.14352,0.036545,0,0.22458,0.018605,0.015282,0.020598,0.48638,0,0.05515,0.065116,0.063123,0.093688,0.56811,0.00066445,0.086379,0,0,0,0.073754,0.78738,0.093688,0.24718,0.90299,0.66445
1,163,549,0,0,0.038251,0.10018,74.333,73.874,0.051002,0,0,2.663,0.29326,0,0,0.3224,0,0.12568,1.2204,0.85064,0,0,0,0.12204,0,0,0.010929,0.94536,0,0,0.10018,0.063752,0,0.75592,0.063752,0.047359,0,0,0,0,0,0.020036,0.076503,0.35701,0.93443
1,164,4116,0,0,0.069971,0.32945,114.95,106.01,4.3759,0,0,1.4235,0.37221,0.34645,0,0.29446,0.047862,0.09621,0.77381,1.6589,0.065112,0.1363,0,0.25996,0.0034014,0.031584,0.031827,0.77502,0.068756,0,0.063168,0.065841,0.019436,0.53741,0.068513,0.063411,0.07896,0.0055879,0.0014577,0.013605,0.42517,0.095967,0.23955,0.92711,1.8234
1,165,519,0,0,0.04817,0.12524,76.736,78.983,0.25048,0,0,2.3776,0.3738,0.071291,0,0.30636,0,0.11368,1.2948,0.78998,0,0,0,0.17534,0,0,0.019268,0.92678,0,0,0.05973,0.052023,0.017341,0.68593,0,0.052023,0,0,0,0.05395,0.13102,0.069364,0.050096,0.36416,0.85934
1,166,13664,0,0,0.043691,0.3084,109.32,104.85,1.7441,0.017272,0.00095141,1.2282,0.57582,0.96363,0.00036593,0.2713,0.20916,0.092799,0.22117,2.5078,0.12983,0.23624,0.00021956,0.1482,0.017638,0.071721,0.033299,0.40823,0,0.0005123,0.18443,0.082187,0.048302,0.27386,0.13071,0.067916,0.0013905,0.0013905,0.00029274,0.016101,2.7073,0.17989,0.28703,1.0779,2.8184
1,167,14940,0,0,0.055622,0.31593,149.59,105.23,0.98099,0.10047,0.0066934,1.6267,0.47276,0.49511,0,0.25515,0.078046,0.082062,0.58541,1.6468,0.070683,0.11921,0.00040161,0.16774,0.0055556,0.020013,0.023829,0.42343,0,0,0.057965,0.060643,0.018876,0.33046,0.070214,0.072758,0.0023427,0,0.00046854,0.0074967,1.2432,0.067671,0.41031,1.1581,1.7847
1,168,2950,0,0,0.038644,0.12475,71.065,77.196,0.17017,0.15424,0.0016949,1.8464,0.3739,0.21153,0,0.28983,0,0.11559,0.63356,0.97017,0.024068,0.024068,0,0.15898,0,0,0.016949,0.75017,0.0061017,0,0.034915,0.06,0.00033898,0.53254,0.018305,0.048475,0,0,0,0.022034,0.35661,0.025763,0.034237,0.26712,1.0142
1,169,912,0,0,0.030702,0.10197,74.371,76.348,0.27412,0,0,1.7292,0.35417,0.49342,0,0.29934,0.075658,0.10307,5.6776,0.80263,0.12829,0.065789,0,0.14693,0,0,0.020833,0.61623,0,0,0.038377,0.075658,0.01864,0.51864,0.023026,0.060307,0,0,0,0.024123,1.1754,0.11952,0.059211,0.47917,0.94518
1,170,662,0,0,0.083082,0.32175,115.61,98.718,6.4683,1.0846,0,1.7508,0.40785,0.25529,0,0.33535,0.064955,0.067976,1.0997,0.98187,0.08006,0.10725,0,0.15861,0,0,0.02719,0.51813,0,0,0.14502,0.064955,0.0015106,0.24169,0.02719,0.064955,0,0,0,0,1.355,0.036254,0.20091,0.87009,1.0453
1,171,793,0,0,0.031526,0.11223,72.787,77.378,0.20555,0,0,2.1753,0.27238,0.010088,0,0.30517,0,0.10845,0.71627,1.203,0,0,0,0.1488,0,0,0.010088,0.7831,0.032787,0,0.087011,0.032787,0,0.63682,0.095839,0.04918,0,0,0,0,0.24464,0.1034,0.051702,0.30391,1.4023
1,172,1055,0,0,0.056872,0.28815,140.88,98.717,0.48815,0,0.0037915,1.8891,0.35261,0.1327,0,0.27393,0,0.10237,0.75924,0.80474,0,0.054028,0,0.21137,0,0.015166,0.030332,0.74976,0,0,0,0.072038,0.016114,0.56682,0.049289,0.072038,0,0,0,0,0.32322,0,0.32986,0.99526,0.85403
1,173,2052,0,0,0.04386,0.11062,72.527,75.295,0.32505,0.11891,0,1.7066,0.43129,0.37573,0,0.25634,0,0.088207,0.32115,0.88596,0.053119,0.054094,0,0.14035,0,0,0.019981,0.69542,0,0,0.023879,0.057018,0.004386,0.4191,0.032651,0.045809,0,0,0,0.037037,0.66764,0.01462,0.035088,0.30702,0.93324
1,174,662,0,0,0.12689,0.31571,107.27,84.592,9.7205,2.8716,0,1.6798,0.37764,0.090634,0,0.23867,0.075529,0.095166,1.1737,0.74773,0.12387,0,0,0.11027,0,0,0.02719,0.20091,0,0,0.07855,0.057402,0,0.12085,0,0.064955,0,0,0,0,1.577,0.057402,0.14502,0.62689,0.80514
1,175,5110,0,0,0.082583,0.32211,134.94,103.92,5.1421,0.29765,0,1.6658,0.30646,0.02955,0,0.24677,0.017025,0.10607,0.83209,0.94481,0.033268,0.0043053,0,0.21311,0,0,0.019569,0.77652,0.017221,0,0.0409,0.061448,0.0046967,0.56791,0.021526,0.066732,0,0,0,0.01683,0.73836,0.077299,0.30254,1.0626,1.0436
1,176,2031,0,0,0.10143,0.28607,108.45,94.365,2.7065,0,0.0014771,1.5746,0.36681,0.46578,0,0.24914,0.028557,0.076809,0.46184,1.3668,0.038897,0.028065,0.0014771,0.21713,0.013786,0.052683,0.034958,0.54702,0.022157,0,0.04579,0.072378,0,0.51403,0.043328,0.065977,0.015263,0.00049237,0.0029542,0.0098474,0.019695,0.02905,1.7253,1.5643,1.4392
1,177,504,0,0,0.063492,0.13492,73.615,77.079,0.18849,0.58333,0,1.6567,0.49206,0.47421,0,0.30952,0,0.073413,0.035714,0.93254,0.089286,0,0,0.10516,0,0,0.015873,0.38492,0,0,0.011905,0.055556,0,0.15079,0,0.047619,0,0,0,0.011905,1.4028,0.095238,0.031746,0.35119,1.0278
1,178,732,0,0,0.032787,0.13525,76.13,76.485,0.11066,0,0,2.3784,0.34563,0.038251,0,0.34973,0,0.12978,3.2049,0.97131,0.060109,0,0,0.19262,0,0,0.039617,1.1448,0,0.010929,0.015027,0.077869,0.02459,0.9071,0.025956,0.058743,0,0,0,0.015027,0.20628,0.077869,0.050546,0.44262,1.0751
1,179,973,0,0,0.067831,0.14183,86.456,130.96,1.1038,0,0,1.2919,0.30216,0.076053,0,0.23844,0,0.12025,0.51696,0.71737,0,0,0,0.23535,0,0,0.014388,0.74306,0,0,0,0.056526,0,0.67523,0,0.03186,0,0,0,0,0.15519,0.023638,0.032888,0.067831,0.74101
1,180,736,0,0,0.04212,0.33152,122.47,103.67,6.0204,0,0,2.1821,0.39674,1.1101,0,0.35054,0.080163,0.125,0.73234,1.1984,0.036685,0.21739,0,0.21603,0.059783,0.13859,0.025815,1.0503,0,0,0.18342,0.099185,0.05163,0.82745,0.065217,0.084239,0,0,0,0.01087,1.1209,0.055707,0.32473,1.1182,1.3193
1,181,4738,0,0,0.035669,0.30371,109.34,104.12,1.8995,0,0,1.8632,0.3626,0.068805,0,0.31427,0.0040101,0.12474,0.87949,0.85015,0.027227,0.026593,0,0.23744,0,0.0046433,0.021528,0.99388,0.021317,0,0.026382,0.069439,0.012664,0.78873,0.041368,0.064584,0,0,0,0.046011,0.4141,0.046855,0.25876,0.99662,0.93837
1,182,596,0,0,0.026846,0.2651,106.15,99.728,1.5755,0,0,1.8289,0.32047,0,0,0.35235,0,0.083893,0.93121,0.69128,0.031879,0,0,0.20134,0,0,0.025168,0.82383,0,0,0.035235,0.09396,0,0.64262,0.048658,0.063758,0,0,0,0,0.53188,0,0.27349,0.98658,0.73993
1,183,775,0,0,0.068387,0.33548,157.07,106.59,1.6258,0,0.0090323,2.1961,0.39742,0.055484,0,0.28516,0,0.13677,0.94839,0.65806,0.023226,0.0051613,0,0.25935,0,0,0.014194,1.0503,0,0,0.034839,0.065806,0.018065,0.77161,0.024516,0.070968,0,0,0,0,0.17806,0.12387,0.35871,1.1355,0.80645
1,184,46849,0,0,0.054195,0.14457,83.291,84.609,0.76753,0.21206,0.0025187,1.6265,0.43627,0.52469,4.269e-05,0.24632,0.10374,0.086384,0.23614,1.727,0.083758,0.1171,0.00017076,0.12329,0.0019211,0.017354,0.023437,0.38353,0.004824,0,0.067728,0.059702,0.011548,0.33326,0.068262,0.054452,0,0,0,0.0070866,1.3247,0.10357,0.12197,0.62789,1.8988
1,185,938,0,0,0.025586,0.13646,76.988,80.236,0.66844,0,0.0042644,1.9765,0.34648,0,0,0.29957,0.023454,0.11194,1.1301,0.82623,0.014925,0,0,0.21535,0,0,0.015991,0.82623,0,0,0.027719,0.050107,0.0095949,0.59062,0.034115,0.055437,0,0,0,0,0.14179,0.069296,0.065032,0.37633,0.92964
1,186,1455,0,0,0.063918,0.34158,161.39,108.11,1.3766,0,0.0061856,2.1141,0.44467,0.67835,0,0.29347,0.098282,0.092784,1.1065,1.0371,0.07079,0.047423,0,0.23849,0.028866,0.048797,0.028866,0.75189,0,0,0.065292,0.07354,0.026117,0.60825,0.037801,0.083162,0,0,0,0,2.2392,0.092784,0.46117,1.1993,1.1677
1,187,736,0,0,0.061141,0.17799,84.405,90.054,0.64946,0.82745,0,0.9837,0.29348,0.11005,0,0.17255,0,0.0095109,0.0040761,0.87092,0,0,0,0.076087,0,0,0.01087,0.13995,0,0,0,0.029891,0,0.14402,0,0.046196,0,0,0,0,0.29076,0.0054348,0.2038,0.60462,0.87636
1,188,5322,0,0,0.050545,0.3339,120.1,104.25,2.9752,0,0.0001879,1.826,0.35024,0.07159,0,0.31548,0.003758,0.11612,1.8497,0.88726,0.052424,0.029124,0,0.24483,0.0039459,0,0.022172,0.88463,0.042277,0,0.074972,0.071778,0.015596,0.71176,0.031191,0.072905,0,0,0.0062007,0.059752,0.66667,0.080045,0.32244,1.1304,0.9985
1,189,1534,0,0,0.09322,0.36962,162.74,110.51,2.3442,0.51239,0.0032595,1.5737,0.41004,0.51956,0,0.26141,0.059974,0.093872,0.33638,0.88983,0.015645,0,0,0.18188,0.011082,0.045632,0.029335,0.41004,0,0,0.052803,0.061278,0.026728,0.39505,0.033246,0.079531,0,0,0,0.0065189,1.7692,0.054759,0.42438,1.2073,0.97784
1,190,1027,0,0,0.040896,0.15579,81.016,81.659,0.20351,0.21616,0,1.2921,0.3038,0.38072,0,0.24245,0,0.067186,11.796,0.4888,0.16553,0,0,0.10613,0,0,0.0185,0.44012,0,0.08666,0.038948,0.06037,0.055501,0.43038,0,0.047712,0,0,0,0.14606,0.88802,0.13729,0.072055,0.47517,0.6261
1,191,799,0,0,0.045056,0.13892,78.2,81.792,0.73342,0.1965,0,1.6658,0.403,0.27785,0,0.22653,0.026283,0.071339,0.20401,0.93492,0,0.077597,0,0.071339,0,0,0.01627,0.22904,0,0,0,0.035044,0,0.17647,0,0.041302,0,0,0,0,1.3855,0.0801,0.043805,0.33792,1.015
1,192,1891,0,0,0.18033,0.26335,164.62,103.7,0.94447,0,0,1.8366,0.30883,0.0312,0,0.22951,0,0.084611,0.57853,0.76362,0.016393,0,0,0.21787,0,0,0.019038,0.7377,0,0,0.032258,0.065574,0.0068747,0.66684,0,0.054997,0,0.010048,0,0.10048,0.042834,0.031729,0.55738,1.0159,0.79535
1,193,9525,0,0,0.052703,0.16567,85.502,86.292,0.53386,0.019213,0.00052493,1.5612,0.4169,0.70604,0,0.2547,0.07979,0.091864,0.36462,1.5826,0.075276,0.12913,0,0.12504,0,0.021417,0.020892,0.49606,0,0,0.091129,0.063412,0.014383,0.36031,0.049869,0.051759,0,0,0,0.0012598,1.2764,0.08126,0.15769,0.5621,1.7137
1,194,1430,0,0,0.052448,0.18601,89.547,82.067,0.16294,0,0,1.8161,0.34056,0.59091,0,0.27203,0,0.064336,4.3147,0.76154,0.097203,0.056643,0,0.16294,0,0.018881,0.027972,0.61608,0,0.01958,0.032168,0.051049,0.022378,0.48741,0.026573,0.063636,0,0,0,0.12517,0.65804,0.082517,0.22657,0.83846,0.87063
1,195,547,0,0,0.042048,0.13894,82.899,81.174,0.060329,0,0.0091408,2.1627,0.36746,0.5192,0,0.34918,0.042048,0.11883,4.3236,0.65265,0.078611,0.062157,0,0.16271,0,0,0.016453,0.92322,0,0,0,0.076782,0.093236,0.76782,0.010969,0.063985,0,0,0,0.093236,0.25594,0,0.084095,0.53748,0.66362
1,196,1468,0,0,0.094687,0.29496,149.6,98.909,10.345,0.024523,0,1.8665,0.36921,0.23569,0,0.26022,0.014305,0.050409,1.7609,1.3399,0.040191,0.14918,0,0.18733,0,0.03951,0.025886,0.33719,0.012262,0.003406,0.10082,0.046322,0.012262,0.31608,0.031335,0.070163,0,0,0,0.14714,0.24319,0.0061308,0.31063,0.96594,1.3774
1,197,11360,0,0,0.075968,0.33776,161.05,109.45,4.2916,0.57614,0.0067782,1.368,0.32984,0.058363,0.013908,0.22342,0.035475,0.090581,1.2147,1.307,0.050704,0.11734,8.8028e-05,0.32447,0.0051937,0.028433,0.050792,0.5493,0.11717,0.0027289,0.018222,0.056514,0.0066901,0.44181,0.045158,0.068398,0.073944,0.0056338,0.0011444,0.011268,0.59076,0.083715,0.31972,1.0171,1.4358
1,198,1220,0,0,0.068033,0.12869,84.89,82.966,0.96967,1.1189,0.020492,1.5508,0.44836,0.32213,0,0.2459,0.054918,0.086885,0.07459,1.0008,0.018852,0.038525,0,0.094262,0,0,0.022951,0.34016,0,0,0.027049,0.065574,0,0.14344,0,0.040164,0,0,0,0.0032787,1.032,0.055738,0.11393,0.66148,1.0566
1,199,508,0,0,0.059055,0.31496,150.39,101.62,6.872,0.090551,0,1.5039,0.3189,0,0,0.18307,0.021654,0.037402,1.1654,0.97638,0.064961,0,0,0.12008,0,0,0.011811,0.31496,0,0,0.084646,0.023622,0,0.25591,0,0.055118,0,0,0,0,0.41142,0,0.36614,0.97835,0.97638
1,200,979,0,0,0.071502,0.2666,141.74,99.83,2.0807,0,0,1.5066,0.27375,0,0,0.22983,0,0.081716,0.78447,0.70378,0,0,0,0.20531,0,0,0.013279,0.65679,0,0,0.013279,0.045965,0,0.67109,0,0.055158,0,0,0,0,0.079673,0.0051073,0.32789,1.0756,0.70889
1,201,6650,0,0,0.043158,0.24842,103.07,90.181,2.3609,0.43263,0,1.6338,0.59414,0.8803,0.0010526,0.34872,0.19008,0.093835,0.38451,2.1186,0.13895,0.27353,0.0016541,0.16947,0.021203,0.073835,0.035639,0.58301,0,0.0054135,0.16677,0.089925,0.037444,0.27654,0.10647,0.074286,0.020602,0.014436,0.0028571,0.060301,1.8462,0.1603,0.23805,0.96045,2.3854
1,202,1240,0,0,0.10484,0.27823,163.59,102.51,1.5113,0,0,1.4976,0.29032,0,0,0.22903,0,0.10161,0.85403,0.92823,0.044355,0,0,0.21532,0,0,0.012903,0.70323,0,0,0.015323,0.045968,0.0040323,0.57419,0.01371,0.073387,0,0,0,0,0.54274,0.060484,0.27823,0.99677,1.0024
1,203,800,0,0,0.08,0.34875,166.66,106.05,1.68,0,0,2.405,0.3275,0.0275,0,0.30375,0,0.1275,0.6575,0.70375,0.02375,0,0,0.32125,0,0,0.0225,0.97,0,0,0.0525,0.065,0,0.745,0.0325,0.08,0,0,0,0.05375,0.10125,0,0.31625,1.13,0.73625
1,204,8493,0,0,0.056282,0.31084,148.19,100.86,2.3339,0.012481,0.0014129,1.5143,0.36877,0.21029,0.014836,0.23973,0.024255,0.078064,1.3641,1.3888,0.060285,0.13929,0.00023549,0.54539,0.017191,0.054869,0.06523,0.45755,0.23396,0.0025904,0.035676,0.052867,0.017662,0.33899,0.062875,0.070882,0.03756,0.0070646,0.01095,0.034852,0.8593,0.082068,0.24102,0.92323,1.5337
1,205,765,0,0,0.064052,0.33595,145.3,105.05,1.0601,0,0.0078431,1.3778,0.35817,0.26536,0,0.24575,0,0.090196,0.53595,0.76993,0.053595,0.049673,0,0.15817,0,0,0.018301,0.39085,0,0,0.053595,0.043137,0,0.38039,0,0.052288,0,0,0,0.03268,1.7072,0.033987,0.62745,1.8052,0.80392
1,206,6962,0,0,0.061764,0.1659,88.439,92.062,0.68917,0.054007,0,1.2835,0.39127,0.57498,0,0.21459,0.063057,0.062913,0.28842,1.2811,0.038495,0.036196,0,0.10859,0,0.017236,0.022982,0.29546,0,0,0.04424,0.053146,0.010055,0.26142,0.018529,0.049555,0,0,0,0.014938,1.2749,0.072537,0.17624,0.77722,1.3722
1,207,1254,0,0,0.090112,0.32297,151.14,103.52,3.6627,0.42105,0.0047847,1.8557,0.3748,0.22887,0,0.24721,0.019936,0.083732,0.75997,1.3293,0.04067,0.065391,0,0.18102,0,0.025518,0.029506,0.69856,0,0,0.098086,0.053429,0,0.42265,0.027113,0.056619,0,0,0,0,0.55343,0,0.24482,0.95136,1.3565
1,208,531,0,0,0.047081,0.19586,89.484,100.64,0.65913,0,0,1.9774,0.31073,0,0,0.22411,0,0.097928,0.25989,0.80979,0,0,0,0.14878,0,0,0.018832,0.54237,0,0,0.013183,0.028249,0,0.51412,0,0.041431,0,0,0,0,0,0,0.14124,0.60452,0.80979
1,209,882,0,0,0.089569,0.31406,168.04,106.52,0.9898,0.48073,0.0034014,1.4172,0.37868,0.26304,0,0.19841,0.072562,0.092971,5.5612,0.68707,0.10771,0,0,0.16893,0,0.021542,0.027211,0.39909,0,0.0090703,0.081633,0.047619,0.071429,0.47166,0,0.10317,0,0,0,0.071429,1.6009,0.10884,0.36281,1.0839,0.79592
1,210,585,0,0,0.054701,0.17607,89.67,90.954,0.42051,0,0.017094,2.2957,0.29402,0.070085,0,0.34872,0,0.1265,0.44615,0.65299,0,0,0,0.17436,0,0,0.018803,0.79145,0,0,0.022222,0.071795,0,0.61026,0.049573,0.064957,0,0,0,0.046154,0,0,0.14872,0.66154,0.70256
1,211,796,0,0,0.06407,0.34673,159.82,107.22,4.0063,0,0,1.9673,0.40201,0.32538,0,0.25126,0,0.076633,0.40829,1.1143,0.075377,0.059045,0,0.21357,0,0,0.047739,0.51759,0,0,0.12814,0.045226,0.017588,0.28392,0.012563,0.062814,0,0,0,0.14447,0.88191,0,0.30402,1.0239,1.1269
1,212,1917,0,0,0.099113,0.31508,130.17,101.39,5.0391,0.40323,0.0031299,1.421,0.25665,0.056338,0,0.22587,0,0.080334,0.94784,0.9687,0.014606,0.011998,0,0.1711,0,0,0.017736,0.62963,0.0078247,0,0.0015649,0.040689,0,0.50704,0.01252,0.05373,0,0,0,0.044862,0.21231,0.050078,0.75013,1.2765,1.0313
1,213,994,0,0,0.070423,0.36922,165.03,108.37,2.3622,0.15996,0,1.7586,0.32897,0.031187,0,0.25855,0,0.083501,0.77666,0.57948,0.0020121,0.0060362,0,0.27364,0.012072,0,0.017103,0.8008,0,0,0.026157,0.05332,0.023139,0.55936,0,0.06338,0,0,0,0.070423,0.54225,0.070423,0.45171,1.0956,0.6499
